[2026-09-28T20:24:37.852Z] Starting dev server with command: pnpm run dev
[2026-09-28T20:24:40.258Z] > gestao-suprimentos-logistica@1.0.0 dev /home/ubuntu/gestao-suprimentos-logistica
[2026-09-28T20:24:40.258Z] > NODE_ENV=development tsx watch server/_core/index.ts
[2026-09-28T20:24:42.370Z] [OAuth] Initialized with baseURL: https://api.manus.im
[2026-09-28T20:24:42.749Z] Server running on http://localhost:3000/
[2026-10-05T11:24:16.163Z] Starting dev server with command: pnpm run dev
[2026-10-05T11:24:18.868Z] > gestao-suprimentos-logistica@1.0.0 dev /home/ubuntu/gestao-suprimentos-logistica
[2026-10-05T11:24:18.868Z] > NODE_ENV=development tsx watch server/_core/index.ts
[2026-10-05T11:24:23.290Z] [OAuth] Initialized with baseURL: https://api.manus.im
[2026-10-05T11:24:23.874Z] Server running on http://localhost:3000/
[2026-10-05T11:24:43.484Z] [baseline-browser-mapping] The data in this module is over two months old.  To ensure accurate Baseline data, please update: `npm i baseline-browser-mapping@latest -D`
[2026-10-05T11:28:47.396Z] 11:28:47 AM [vite] (client) hmr update /src/pages/PortalAccess.tsx, /src/index.css
[2026-10-05T11:28:51.946Z] 11:28:51 AM [tsx] change in ./server/supabasePortal.ts Restarting...
[2026-10-05T11:28:54.289Z] c[OAuth] Initialized with baseURL: https://api.manus.im
[2026-10-05T11:28:54.654Z] Server running on http://localhost:3000/
[2026-10-05T11:28:55.077Z] [baseline-browser-mapping] The data in this module is over two months old.  To ensure accurate Baseline data, please update: `npm i baseline-browser-mapping@latest -D`
[2026-10-05T11:30:27.765Z] 11:30:27 AM [vite] (client) hmr update /src/pages/PortalAccess.tsx, /src/index.css
[2026-10-05T11:30:27.776Z] 11:30:27 AM [vite] (client) hmr update /src/App.tsx, /src/index.css
[2026-10-05T11:30:27.777Z] 11:30:27 AM [vite] (client) hmr update /src/components/ApplicationRouteGuard.tsx, /src/index.css
[2026-10-05T11:30:27.778Z] 11:30:27 AM [vite] (client) hmr update /src/components/DashboardLayout.tsx, /src/index.css
[2026-10-05T11:30:27.778Z] 11:30:27 AM [vite] (client) hmr update /src/contexts/SupabaseAuthContext.tsx, /src/index.css
[2026-10-05T11:30:27.780Z] 11:30:27 AM [vite] (client) hmr update /src/index.css, /src/pages/NfReceipts.tsx
[2026-10-05T11:30:27.781Z] 11:30:27 AM [vite] (client) hmr update /src/index.css
[2026-10-05T11:30:27.781Z] 11:30:27 AM [vite] (client) hmr update /src/App.tsx, /src/components/ApplicationTree.tsx, /src/index.css
[2026-10-05T11:30:27.782Z] 11:30:27 AM [vite] (client) hmr update /src/pages/CostEvolution.tsx, /src/index.css
[2026-10-05T11:30:27.783Z] 11:30:27 AM [vite] (client) hmr update /src/pages/Dashboard.tsx, /src/index.css
[2026-10-05T11:30:27.787Z] 11:30:27 AM [vite] (client) hmr update /src/pages/ImportData.tsx, /src/index.css
[2026-10-05T11:30:27.788Z] 11:30:27 AM [vite] (client) hmr update /src/pages/NfReceipts.tsx, /src/index.css
[2026-10-05T11:30:27.788Z] 11:30:27 AM [vite] (client) hmr update /src/pages/UserManagement.tsx, /src/index.css
[2026-10-05T11:30:27.789Z] 11:30:27 AM [vite] (client) page reload index.html
[2026-10-05T11:30:27.814Z] 11:30:27 AM [vite] (client) hmr update /src/pages/NfReceipts.tsx
[2026-10-05T11:30:27.886Z] 11:30:27 AM [vite] (client) hmr update /src/pages/PortalAccess.tsx, /src/index.css
[2026-10-05T11:30:27.915Z] 11:30:27 AM [tsx] change in ./vite.config.ts Restarting...
[2026-10-05T11:30:29.863Z] c[OAuth] Initialized with baseURL: https://api.manus.im
[2026-10-05T11:30:30.234Z] Server running on http://localhost:3000/
[2026-10-05T11:30:30.863Z] [baseline-browser-mapping] The data in this module is over two months old.  To ensure accurate Baseline data, please update: `npm i baseline-browser-mapping@latest -D`
[2026-10-05T11:34:10.787Z] 11:34:10 AM [vite] (client) page reload index.html
[2026-10-05T11:34:10.789Z] 11:34:10 AM [vite] (client) hmr update /src/index.css, /src/App.tsx
[2026-10-05T11:34:10.790Z] 11:34:10 AM [vite] (client) hmr update /src/index.css, /src/components/ApplicationRouteGuard.tsx
[2026-10-05T11:34:10.791Z] 11:34:10 AM [vite] (client) hmr update /src/index.css, /src/components/DashboardLayout.tsx
[2026-10-05T11:34:10.792Z] 11:34:10 AM [vite] (client) hmr update /src/index.css, /src/contexts/SupabaseAuthContext.tsx
[2026-10-05T11:34:10.792Z] 11:34:10 AM [vite] (client) hmr update /src/index.css, /src/pages/NfReceipts.tsx
[2026-10-05T11:34:10.794Z] 11:34:10 AM [vite] (client) hmr update /src/index.css
[2026-10-05T11:34:10.795Z] 11:34:10 AM [vite] (client) hmr update /src/index.css, /src/App.tsx, /src/components/ApplicationTree.tsx
[2026-10-05T11:34:10.796Z] 11:34:10 AM [vite] (client) hmr update /src/index.css, /src/pages/CostEvolution.tsx
[2026-10-05T11:34:10.796Z] 11:34:10 AM [vite] (client) hmr update /src/index.css, /src/pages/Dashboard.tsx
[2026-10-05T11:34:10.797Z] 11:34:10 AM [vite] (client) hmr update /src/index.css, /src/pages/ImportData.tsx
[2026-10-05T11:34:10.797Z] 11:34:10 AM [vite] (client) hmr update /src/index.css, /src/pages/NfReceipts.tsx
[2026-10-05T11:34:10.797Z] 11:34:10 AM [vite] (client) hmr update /src/pages/PortalAccess.tsx, /src/index.css
[2026-10-05T11:34:10.797Z] 11:34:10 AM [vite] (client) hmr update /src/index.css, /src/pages/UserManagement.tsx
[2026-10-05T11:34:10.811Z] 11:34:10 AM [vite] (client) hmr update /src/pages/NfReceipts.tsx
[2026-10-05T11:34:11.463Z] 11:34:11 AM [vite] (client) Pre-transform error: /home/ubuntu/gestao-suprimentos-logistica/client/src/pages/PortalAccess.tsx: Unexpected token (25:1)
[2026-10-05T11:34:11.463Z] 23 |   const [confirmPassword, setConfirmPassword] = useState("");
[2026-10-05T11:34:11.463Z] 24 |   const [pending, setPending] = useState(false);
[2026-10-05T11:34:11.463Z] > 25 | <<<<<<< HEAD
[2026-10-05T11:34:11.463Z] |  ^
[2026-10-05T11:34:11.463Z] 26 |   const [recoveryRequested, setRecoveryRequested] = useState(false);
[2026-10-05T11:34:11.463Z] 27 |   const requestAccess = trpc.portal.createAccessRequest.useMutation({
[2026-10-05T11:34:11.463Z] 28 |     onSuccess: () => { setMode("login"); setDisplayName(""); setReason(""); toast.success("Solicitação enviada para revisão."); },
[2026-10-05T11:34:11.463Z] Plugin: vite:react-babel
[2026-10-05T11:34:11.463Z] File: /home/ubuntu/gestao-suprimentos-logistica/client/src/pages/PortalAccess.tsx:25:1
[2026-10-05T11:34:11.463Z] 23 |    const [confirmPassword, setConfirmPassword] = useState("");
[2026-10-05T11:34:11.463Z] 24 |    const [pending, setPending] = useState(false);
[2026-10-05T11:34:11.463Z] 25 |  <<<<<<< HEAD
[2026-10-05T11:34:11.463Z] |   ^
[2026-10-05T11:34:11.463Z] 26 |    const [recoveryRequested, setRecoveryRequested] = useState(false);
[2026-10-05T11:34:11.463Z] 27 |    const requestAccess = trpc.portal.createAccessRequest.useMutation({
[2026-10-05T11:34:11.914Z] 11:34:11 AM [vite] (client) Pre-transform error: Failed to resolve import "exceljs" from "client/src/pages/CostEvolution.tsx". Does the file exist?
[2026-10-05T11:34:11.914Z] Plugin: vite:import-analysis
[2026-10-05T11:34:11.914Z] File: /home/ubuntu/gestao-suprimentos-logistica/client/src/pages/CostEvolution.tsx:188:29
[2026-10-05T11:34:11.914Z] 614 |        return;
[2026-10-05T11:34:11.914Z] 615 |      }
[2026-10-05T11:34:11.914Z] 616 |      const mod = await import("exceljs");
[2026-10-05T11:34:11.914Z] |                               ^
[2026-10-05T11:34:11.914Z] 617 |      const ExcelJS = mod.default ?? mod;
[2026-10-05T11:34:11.914Z] 618 |      const workbook = new ExcelJS.Workbook();
[2026-10-05T11:34:11.961Z] 11:34:11 AM [vite] (client) Pre-transform error: Failed to resolve import "exceljs" from "client/src/pages/IndustryCurve.tsx". Does the file exist?
[2026-10-05T11:34:11.962Z] Plugin: vite:import-analysis
[2026-10-05T11:34:11.962Z] File: /home/ubuntu/gestao-suprimentos-logistica/client/src/pages/IndustryCurve.tsx:68:29
[2026-10-05T11:34:11.962Z] 73 |        return;
[2026-10-05T11:34:11.962Z] 74 |      }
[2026-10-05T11:34:11.962Z] 75 |      const mod = await import("exceljs");
[2026-10-05T11:34:11.962Z] |                               ^
[2026-10-05T11:34:11.962Z] 76 |      const ExcelJS = mod.default ?? mod;
[2026-10-05T11:34:11.962Z] 77 |      const workbook = new ExcelJS.Workbook();
[2026-10-05T11:34:12.250Z] 11:34:12 AM [vite] Internal server error: /home/ubuntu/gestao-suprimentos-logistica/client/src/pages/PortalAccess.tsx: Unexpected token (25:1)
[2026-10-05T11:34:12.250Z] 23 |   const [confirmPassword, setConfirmPassword] = useState("");
[2026-10-05T11:34:12.250Z] 24 |   const [pending, setPending] = useState(false);
[2026-10-05T11:34:12.250Z] > 25 | <<<<<<< HEAD
[2026-10-05T11:34:12.250Z] |  ^
[2026-10-05T11:34:12.250Z] 26 |   const [recoveryRequested, setRecoveryRequested] = useState(false);
[2026-10-05T11:34:12.250Z] 27 |   const requestAccess = trpc.portal.createAccessRequest.useMutation({
[2026-10-05T11:34:12.250Z] 28 |     onSuccess: () => { setMode("login"); setDisplayName(""); setReason(""); toast.success("Solicitação enviada para revisão."); },
[2026-10-05T11:34:12.250Z] Plugin: vite:react-babel
[2026-10-05T11:34:12.250Z] File: /home/ubuntu/gestao-suprimentos-logistica/client/src/pages/PortalAccess.tsx:25:1
[2026-10-05T11:34:12.250Z] 23 |    const [confirmPassword, setConfirmPassword] = useState("");
[2026-10-05T11:34:12.250Z] 24 |    const [pending, setPending] = useState(false);
[2026-10-05T11:34:12.250Z] 25 |  <<<<<<< HEAD
[2026-10-05T11:34:12.250Z] |   ^
[2026-10-05T11:34:12.250Z] 26 |    const [recoveryRequested, setRecoveryRequested] = useState(false);
[2026-10-05T11:34:12.250Z] 27 |    const requestAccess = trpc.portal.createAccessRequest.useMutation({
[2026-10-05T11:34:12.250Z] at toParseError (/home/ubuntu/gestao-suprimentos-logistica/node_modules/.pnpm/@babel+parser@7.28.4/node_modules/@babel/parser/src/parse-error.ts:95:45)
[2026-10-05T11:34:12.250Z] at raise (/home/ubuntu/gestao-suprimentos-logistica/node_modules/.pnpm/@babel+parser@7.28.4/node_modules/@babel/parser/src/tokenizer/index.ts:1503:19)
[2026-10-05T11:34:12.250Z] at unexpected (/home/ubuntu/gestao-suprimentos-logistica/node_modules/.pnpm/@babel+parser@7.28.4/node_modules/@babel/parser/src/tokenizer/index.ts:1543:16)
[2026-10-05T11:34:12.250Z] at jsxParseIdentifier (/home/ubuntu/gestao-suprimentos-logistica/node_modules/.pnpm/@babel+parser@7.28.4/node_modules/@babel/parser/src/plugins/jsx/index.ts:278:14)
[2026-10-05T11:34:12.250Z] at jsxParseNamespacedName (/home/ubuntu/gestao-suprimentos-logistica/node_modules/.pnpm/@babel+parser@7.28.4/node_modules/@babel/parser/src/plugins/jsx/index.ts:288:25)
[2026-10-05T11:34:12.250Z] at jsxParseElementName (/home/ubuntu/gestao-suprimentos-logistica/node_modules/.pnpm/@babel+parser@7.28.4/node_modules/@babel/parser/src/plugins/jsx/index.ts:306:14)
[2026-10-05T11:34:12.250Z] at jsxParseOpeningElementAt (/home/ubuntu/gestao-suprimentos-logistica/node_modules/.pnpm/@babel+parser@7.28.4/node_modules/@babel/parser/src/plugins/jsx/index.ts:429:24)
[2026-10-05T11:34:12.250Z] at jsxParseElementAt (/home/ubuntu/gestao-suprimentos-logistica/node_modules/.pnpm/@babel+parser@7.28.4/node_modules/@babel/parser/src/plugins/jsx/index.ts:470:35)
[2026-10-05T11:34:12.250Z] at jsxParseElement (/home/ubuntu/gestao-suprimentos-logistica/node_modules/.pnpm/@babel+parser@7.28.4/node_modules/@babel/parser/src/plugins/jsx/index.ts:559:19)
[2026-10-05T11:34:12.250Z] at parseExprAtom (/home/ubuntu/gestao-suprimentos-logistica/node_modules/.pnpm/@babel+parser@7.28.4/node_modules/@babel/parser/src/plugins/jsx/index.ts:573:21)
[2026-10-05T11:34:12.250Z] at parseExprSubscripts (/home/ubuntu/gestao-suprimentos-logistica/node_modules/.pnpm/@babel+parser@7.28.4/node_modules/@babel/parser/src/parser/expression.ts:734:23)
[2026-10-05T11:34:12.250Z] at parseUpdate (/home/ubuntu/gestao-suprimentos-logistica/node_modules/.pnpm/@babel+parser@7.28.4/node_modules/@babel/parser/src/parser/expression.ts:713:21)
[2026-10-05T11:34:12.250Z] at parseMaybeUnary (/home/ubuntu/gestao-suprimentos-logistica/node_modules/.pnpm/@babel+parser@7.28.4/node_modules/@babel/parser/src/parser/expression.ts:675:23)
[2026-10-05T11:34:12.250Z] at parseMaybeUnary (/home/ubuntu/gestao-suprimentos-logistica/node_modules/.pnpm/@babel+parser@7.28.4/node_modules/@babel/parser/src/plugins/typescript/index.ts:3855:20)
[2026-10-05T11:34:12.250Z] at parseMaybeUnaryOrPrivate (/home/ubuntu/gestao-suprimentos-logistica/node_modules/.pnpm/@babel+parser@7.28.4/node_modules/@babel/parser/src/parser/expression.ts:409:14)
[2026-10-05T11:34:12.250Z] at parseExprOps (/home/ubuntu/gestao-suprimentos-logistica/node_modules/.pnpm/@babel+parser@7.28.4/node_modules/@babel/parser/src/parser/expression.ts:421:23)
[2026-10-05T11:34:12.250Z] at parseMaybeConditional (/home/ubuntu/gestao-suprimentos-logistica/node_modules/.pnpm/@babel+parser@7.28.4/node_modules/@babel/parser/src/parser/expression.ts:376:23)
[2026-10-05T11:34:12.250Z] at parseMaybeAssign (/home/ubuntu/gestao-suprimentos-logistica/node_modules/.pnpm/@babel+parser@7.28.4/node_modules/@babel/parser/src/parser/expression.ts:301:21)
[2026-10-05T11:34:12.250Z] at fn (/home/ubuntu/gestao-suprimentos-logistica/node_modules/.pnpm/@babel+parser@7.28.4/node_modules/@babel/parser/src/plugins/typescript/index.ts:3708:23)
[2026-10-05T11:34:12.250Z] at tryParse (/home/ubuntu/gestao-suprimentos-logistica/node_modules/.pnpm/@babel+parser@7.28.4/node_modules/@babel/parser/src/parser/util.ts:174:20)
[2026-10-05T11:34:12.250Z] at parseMaybeAssign (/home/ubuntu/gestao-suprimentos-logistica/node_modules/.pnpm/@babel+parser@7.28.4/node_modules/@babel/parser/src/plugins/typescript/index.ts:3707:20)
[2026-10-05T11:34:12.250Z] at parseExpressionBase (/home/ubuntu/gestao-suprimentos-logistica/node_modules/.pnpm/@babel+parser@7.28.4/node_modules/@babel/parser/src/parser/expression.ts:226:23)
[2026-10-05T11:34:12.250Z] at callback (/home/ubuntu/gestao-suprimentos-logistica/node_modules/.pnpm/@babel+parser@7.28.4/node_modules/@babel/parser/src/parser/expression.ts:217:39)
[2026-10-05T11:34:12.250Z] at allowInAnd (/home/ubuntu/gestao-suprimentos-logistica/node_modules/.pnpm/@babel+parser@7.28.4/node_modules/@babel/parser/src/parser/expression.ts:3187:16)
[2026-10-05T11:34:12.250Z] at parseExpression (/home/ubuntu/gestao-suprimentos-logistica/node_modules/.pnpm/@babel+parser@7.28.4/node_modules/@babel/parser/src/parser/expression.ts:217:17)
[2026-10-05T11:34:12.250Z] at parseStatementContent (/home/ubuntu/gestao-suprimentos-logistica/node_modules/.pnpm/@babel+parser@7.28.4/node_modules/@babel/parser/src/parser/statement.ts:683:23)
[2026-10-05T11:34:12.250Z] at parseStatementContent (/home/ubuntu/gestao-suprimentos-logistica/node_modules/.pnpm/@babel+parser@7.28.4/node_modules/@babel/parser/src/plugins/typescript/index.ts:3185:20)
[2026-10-05T11:34:12.250Z] at parseStatementLike (/home/ubuntu/gestao-suprimentos-logistica/node_modules/.pnpm/@babel+parser@7.28.4/node_modules/@babel/parser/src/parser/statement.ts:477:17)
[2026-10-05T11:34:12.250Z] at parseStatementListItem (/home/ubuntu/gestao-suprimentos-logistica/node_modules/.pnpm/@babel+parser@7.28.4/node_modules/@babel/parser/src/parser/statement.ts:426:17)
[2026-10-05T11:34:12.250Z] at parseBlockOrModuleBlockBody (/home/ubuntu/gestao-suprimentos-logistica/node_modules/.pnpm/@babel+parser@7.28.4/node_modules/@babel/parser/src/parser/statement.ts:1439:16)
[2026-10-05T11:34:12.250Z] at parseBlockBody (/home/ubuntu/gestao-suprimentos-logistica/node_modules/.pnpm/@babel+parser@7.28.4/node_modules/@babel/parser/src/parser/statement.ts:1412:10)
[2026-10-05T11:34:12.250Z] at parseBlock (/home/ubuntu/gestao-suprimentos-logistica/node_modules/.pnpm/@babel+parser@7.28.4/node_modules/@babel/parser/src/parser/statement.ts:1380:10)
[2026-10-05T11:34:12.250Z] at parseFunctionBody (/home/ubuntu/gestao-suprimentos-logistica/node_modules/.pnpm/@babel+parser@7.28.4/node_modules/@babel/parser/src/parser/expression.ts:2616:24)
[2026-10-05T11:34:12.250Z] at parseFunctionBodyAndFinish (/home/ubuntu/gestao-suprimentos-logistica/node_modules/.pnpm/@babel+parser@7.28.4/node_modules/@babel/parser/src/parser/expression.ts:2585:10)
[2026-10-05T11:34:12.250Z] at parseFunctionBodyAndFinish (/home/ubuntu/gestao-suprimentos-logistica/node_modules/.pnpm/@babel+parser@7.28.4/node_modules/@babel/parser/src/plugins/typescript/index.ts:2646:20)
[2026-10-05T11:34:12.250Z] at callback (/home/ubuntu/gestao-suprimentos-logistica/node_modules/.pnpm/@babel+parser@7.28.4/node_modules/@babel/parser/src/parser/statement.ts:1690:12)
[2026-10-05T11:34:12.250Z] at withSmartMixTopicForbiddingContext (/home/ubuntu/gestao-suprimentos-logistica/node_modules/.pnpm/@babel+parser@7.28.4/node_modules/@babel/parser/src/parser/expression.ts:3166:14)
[2026-10-05T11:34:12.251Z] at parseFunction (/home/ubuntu/gestao-suprimentos-logistica/node_modules/.pnpm/@babel+parser@7.28.4/node_modules/@babel/parser/src/parser/statement.ts:1688:10)
[2026-10-05T11:34:12.251Z] at parseExportDefaultExpression (/home/ubuntu/gestao-suprimentos-logistica/node_modules/.pnpm/@babel+parser@7.28.4/node_modules/@babel/parser/src/parser/statement.ts:2565:19)
[2026-10-05T11:34:12.251Z] at parseExportDefaultExpression (/home/ubuntu/gestao-suprimentos-logistica/node_modules/.pnpm/@babel+parser@7.28.4/node_modules/@babel/parser/src/plugins/typescript/index.ts:3117:20)
[2026-10-05T11:34:12.251Z] at parseExport (/home/ubuntu/gestao-suprimentos-logistica/node_modules/.pnpm/@babel+parser@7.28.4/node_modules/@babel/parser/src/parser/statement.ts:2447:25)
[2026-10-05T11:34:12.251Z] at parseExport (/home/ubuntu/gestao-suprimentos-logistica/node_modules/.pnpm/@babel+parser@7.28.4/node_modules/@babel/parser/src/plugins/typescript/index.ts:3087:22)
[2026-10-05T11:34:12.251Z] at parseStatementContent (/home/ubuntu/gestao-suprimentos-logistica/node_modules/.pnpm/@babel+parser@7.28.4/node_modules/@babel/parser/src/parser/statement.ts:644:25)
[2026-10-05T11:34:12.251Z] at parseStatementContent (/home/ubuntu/gestao-suprimentos-logistica/node_modules/.pnpm/@babel+parser@7.28.4/node_modules/@babel/parser/src/plugins/typescript/index.ts:3185:20)
[2026-10-05T11:34:12.251Z] at parseStatementLike (/home/ubuntu/gestao-suprimentos-logistica/node_modules/.pnpm/@babel+parser@7.28.4/node_modules/@babel/parser/src/parser/statement.ts:477:17)
[2026-10-05T11:34:12.251Z] at parseModuleItem (/home/ubuntu/gestao-suprimentos-logistica/node_modules/.pnpm/@babel+parser@7.28.4/node_modules/@babel/parser/src/parser/statement.ts:414:17)
[2026-10-05T11:34:12.251Z] at parseBlockOrModuleBlockBody (/home/ubuntu/gestao-suprimentos-logistica/node_modules/.pnpm/@babel+parser@7.28.4/node_modules/@babel/parser/src/parser/statement.ts:1438:16)
[2026-10-05T11:34:12.251Z] at parseBlockBody (/home/ubuntu/gestao-suprimentos-logistica/node_modules/.pnpm/@babel+parser@7.28.4/node_modules/@babel/parser/src/parser/statement.ts:1412:10)
[2026-10-05T11:34:12.251Z] at parseProgram (/home/ubuntu/gestao-suprimentos-logistica/node_modules/.pnpm/@babel+parser@7.28.4/node_modules/@babel/parser/src/parser/statement.ts:229:10)
[2026-10-05T11:34:12.251Z] at parseTopLevel (/home/ubuntu/gestao-suprimentos-logistica/node_modules/.pnpm/@babel+parser@7.28.4/node_modules/@babel/parser/src/parser/statement.ts:203:25)
[2026-10-05T11:34:12.704Z] 11:34:12 AM [vite] Internal server error: Failed to resolve import "exceljs" from "client/src/pages/CostEvolution.tsx". Does the file exist?
[2026-10-05T11:34:12.704Z] Plugin: vite:import-analysis
[2026-10-05T11:34:12.704Z] File: /home/ubuntu/gestao-suprimentos-logistica/client/src/pages/CostEvolution.tsx:188:29
[2026-10-05T11:34:12.704Z] 614 |        return;
[2026-10-05T11:34:12.704Z] 615 |      }
[2026-10-05T11:34:12.704Z] 616 |      const mod = await import("exceljs");
[2026-10-05T11:34:12.704Z] |                               ^
[2026-10-05T11:34:12.704Z] 617 |      const ExcelJS = mod.default ?? mod;
[2026-10-05T11:34:12.704Z] 618 |      const workbook = new ExcelJS.Workbook();
[2026-10-05T11:34:12.704Z] at TransformPluginContext._formatLog (/home/ubuntu/gestao-suprimentos-logistica/node_modules/.pnpm/vite@7.1.9_@types+node@24.7.0_jiti@2.6.1_lightningcss@1.30.1_tsx@4.20.6/node_modules/vite/dist/node/chunks/dep-Chhhsdoe.js:31219:43)
[2026-10-05T11:34:12.704Z] at TransformPluginContext.error (/home/ubuntu/gestao-suprimentos-logistica/node_modules/.pnpm/vite@7.1.9_@types+node@24.7.0_jiti@2.6.1_lightningcss@1.30.1_tsx@4.20.6/node_modules/vite/dist/node/chunks/dep-Chhhsdoe.js:31216:14)
[2026-10-05T11:34:12.704Z] at normalizeUrl (/home/ubuntu/gestao-suprimentos-logistica/node_modules/.pnpm/vite@7.1.9_@types+node@24.7.0_jiti@2.6.1_lightningcss@1.30.1_tsx@4.20.6/node_modules/vite/dist/node/chunks/dep-Chhhsdoe.js:29699:18)
[2026-10-05T11:34:12.704Z] at process.processTicksAndRejections (node:internal/process/task_queues:105:5)
[2026-10-05T11:34:12.704Z] at async <anonymous> (/home/ubuntu/gestao-suprimentos-logistica/node_modules/.pnpm/vite@7.1.9_@types+node@24.7.0_jiti@2.6.1_lightningcss@1.30.1_tsx@4.20.6/node_modules/vite/dist/node/chunks/dep-Chhhsdoe.js:29757:32)
[2026-10-05T11:34:12.704Z] at async Promise.all (index 10)
[2026-10-05T11:34:12.704Z] at async TransformPluginContext.transform (/home/ubuntu/gestao-suprimentos-logistica/node_modules/.pnpm/vite@7.1.9_@types+node@24.7.0_jiti@2.6.1_lightningcss@1.30.1_tsx@4.20.6/node_modules/vite/dist/node/chunks/dep-Chhhsdoe.js:29725:4)
[2026-10-05T11:34:12.704Z] at async EnvironmentPluginContainer.transform (/home/ubuntu/gestao-suprimentos-logistica/node_modules/.pnpm/vite@7.1.9_@types+node@24.7.0_jiti@2.6.1_lightningcss@1.30.1_tsx@4.20.6/node_modules/vite/dist/node/chunks/dep-Chhhsdoe.js:31018:14)
[2026-10-05T11:34:12.704Z] at async loadAndTransform (/home/ubuntu/gestao-suprimentos-logistica/node_modules/.pnpm/vite@7.1.9_@types+node@24.7.0_jiti@2.6.1_lightningcss@1.30.1_tsx@4.20.6/node_modules/vite/dist/node/chunks/dep-Chhhsdoe.js:26143:26)
[2026-10-05T11:34:12.704Z] at async viteTransformMiddleware (/home/ubuntu/gestao-suprimentos-logistica/node_modules/.pnpm/vite@7.1.9_@types+node@24.7.0_jiti@2.6.1_lightningcss@1.30.1_tsx@4.20.6/node_modules/vite/dist/node/chunks/dep-Chhhsdoe.js:27221:20)
[2026-10-05T11:34:12.714Z] 11:34:12 AM [vite] Internal server error: Failed to resolve import "exceljs" from "client/src/pages/IndustryCurve.tsx". Does the file exist?
[2026-10-05T11:34:12.714Z] Plugin: vite:import-analysis
[2026-10-05T11:34:12.714Z] File: /home/ubuntu/gestao-suprimentos-logistica/client/src/pages/IndustryCurve.tsx:68:29
[2026-10-05T11:34:12.714Z] 73 |        return;
[2026-10-05T11:34:12.714Z] 74 |      }
[2026-10-05T11:34:12.714Z] 75 |      const mod = await import("exceljs");
[2026-10-05T11:34:12.714Z] |                               ^
[2026-10-05T11:34:12.714Z] 76 |      const ExcelJS = mod.default ?? mod;
[2026-10-05T11:34:12.714Z] 77 |      const workbook = new ExcelJS.Workbook();
[2026-10-05T11:34:12.714Z] at TransformPluginContext._formatLog (/home/ubuntu/gestao-suprimentos-logistica/node_modules/.pnpm/vite@7.1.9_@types+node@24.7.0_jiti@2.6.1_lightningcss@1.30.1_tsx@4.20.6/node_modules/vite/dist/node/chunks/dep-Chhhsdoe.js:31219:43)
[2026-10-05T11:34:12.714Z] at TransformPluginContext.error (/home/ubuntu/gestao-suprimentos-logistica/node_modules/.pnpm/vite@7.1.9_@types+node@24.7.0_jiti@2.6.1_lightningcss@1.30.1_tsx@4.20.6/node_modules/vite/dist/node/chunks/dep-Chhhsdoe.js:31216:14)
[2026-10-05T11:34:12.714Z] at normalizeUrl (/home/ubuntu/gestao-suprimentos-logistica/node_modules/.pnpm/vite@7.1.9_@types+node@24.7.0_jiti@2.6.1_lightningcss@1.30.1_tsx@4.20.6/node_modules/vite/dist/node/chunks/dep-Chhhsdoe.js:29699:18)
[2026-10-05T11:34:12.714Z] at process.processTicksAndRejections (node:internal/process/task_queues:105:5)
[2026-10-05T11:34:12.714Z] at async <anonymous> (/home/ubuntu/gestao-suprimentos-logistica/node_modules/.pnpm/vite@7.1.9_@types+node@24.7.0_jiti@2.6.1_lightningcss@1.30.1_tsx@4.20.6/node_modules/vite/dist/node/chunks/dep-Chhhsdoe.js:29757:32)
[2026-10-05T11:34:12.714Z] at async Promise.all (index 8)
[2026-10-05T11:34:12.714Z] at async TransformPluginContext.transform (/home/ubuntu/gestao-suprimentos-logistica/node_modules/.pnpm/vite@7.1.9_@types+node@24.7.0_jiti@2.6.1_lightningcss@1.30.1_tsx@4.20.6/node_modules/vite/dist/node/chunks/dep-Chhhsdoe.js:29725:4)
[2026-10-05T11:34:12.714Z] at async EnvironmentPluginContainer.transform (/home/ubuntu/gestao-suprimentos-logistica/node_modules/.pnpm/vite@7.1.9_@types+node@24.7.0_jiti@2.6.1_lightningcss@1.30.1_tsx@4.20.6/node_modules/vite/dist/node/chunks/dep-Chhhsdoe.js:31018:14)
[2026-10-05T11:34:12.714Z] at async loadAndTransform (/home/ubuntu/gestao-suprimentos-logistica/node_modules/.pnpm/vite@7.1.9_@types+node@24.7.0_jiti@2.6.1_lightningcss@1.30.1_tsx@4.20.6/node_modules/vite/dist/node/chunks/dep-Chhhsdoe.js:26143:26)
[2026-10-05T11:34:12.714Z] at async viteTransformMiddleware (/home/ubuntu/gestao-suprimentos-logistica/node_modules/.pnpm/vite@7.1.9_@types+node@24.7.0_jiti@2.6.1_lightningcss@1.30.1_tsx@4.20.6/node_modules/vite/dist/node/chunks/dep-Chhhsdoe.js:27221:20)
[2026-10-05T11:34:12.999Z] 11:34:12 AM [vite] Internal server error: /home/ubuntu/gestao-suprimentos-logistica/client/src/pages/PortalAccess.tsx: Unexpected token (25:1)
[2026-10-05T11:34:12.999Z] 23 |   const [confirmPassword, setConfirmPassword] = useState("");
[2026-10-05T11:34:12.999Z] 24 |   const [pending, setPending] = useState(false);
[2026-10-05T11:34:12.999Z] > 25 | <<<<<<< HEAD
[2026-10-05T11:34:12.999Z] |  ^
[2026-10-05T11:34:12.999Z] 26 |   const [recoveryRequested, setRecoveryRequested] = useState(false);
[2026-10-05T11:34:12.999Z] 27 |   const requestAccess = trpc.portal.createAccessRequest.useMutation({
[2026-10-05T11:34:12.999Z] 28 |     onSuccess: () => { setMode("login"); setDisplayName(""); setReason(""); toast.success("Solicitação enviada para revisão."); },
[2026-10-05T11:34:12.999Z] Plugin: vite:react-babel
[2026-10-05T11:34:12.999Z] File: /home/ubuntu/gestao-suprimentos-logistica/client/src/pages/PortalAccess.tsx:25:1
[2026-10-05T11:34:12.999Z] 23 |    const [confirmPassword, setConfirmPassword] = useState("");
[2026-10-05T11:34:12.999Z] 24 |    const [pending, setPending] = useState(false);
[2026-10-05T11:34:12.999Z] 25 |  <<<<<<< HEAD
[2026-10-05T11:34:12.999Z] |   ^
[2026-10-05T11:34:12.999Z] 26 |    const [recoveryRequested, setRecoveryRequested] = useState(false);
[2026-10-05T11:34:12.999Z] 27 |    const requestAccess = trpc.portal.createAccessRequest.useMutation({
[2026-10-05T11:34:12.999Z] at toParseError (/home/ubuntu/gestao-suprimentos-logistica/node_modules/.pnpm/@babel+parser@7.28.4/node_modules/@babel/parser/src/parse-error.ts:95:45)
[2026-10-05T11:34:12.999Z] at raise (/home/ubuntu/gestao-suprimentos-logistica/node_modules/.pnpm/@babel+parser@7.28.4/node_modules/@babel/parser/src/tokenizer/index.ts:1503:19)
[2026-10-05T11:34:12.999Z] at unexpected (/home/ubuntu/gestao-suprimentos-logistica/node_modules/.pnpm/@babel+parser@7.28.4/node_modules/@babel/parser/src/tokenizer/index.ts:1543:16)
[2026-10-05T11:34:12.999Z] at jsxParseIdentifier (/home/ubuntu/gestao-suprimentos-logistica/node_modules/.pnpm/@babel+parser@7.28.4/node_modules/@babel/parser/src/plugins/jsx/index.ts:278:14)
[2026-10-05T11:34:12.999Z] at jsxParseNamespacedName (/home/ubuntu/gestao-suprimentos-logistica/node_modules/.pnpm/@babel+parser@7.28.4/node_modules/@babel/parser/src/plugins/jsx/index.ts:288:25)
[2026-10-05T11:34:12.999Z] at jsxParseElementName (/home/ubuntu/gestao-suprimentos-logistica/node_modules/.pnpm/@babel+parser@7.28.4/node_modules/@babel/parser/src/plugins/jsx/index.ts:306:14)
[2026-10-05T11:34:12.999Z] at jsxParseOpeningElementAt (/home/ubuntu/gestao-suprimentos-logistica/node_modules/.pnpm/@babel+parser@7.28.4/node_modules/@babel/parser/src/plugins/jsx/index.ts:429:24)
[2026-10-05T11:34:12.999Z] at jsxParseElementAt (/home/ubuntu/gestao-suprimentos-logistica/node_modules/.pnpm/@babel+parser@7.28.4/node_modules/@babel/parser/src/plugins/jsx/index.ts:470:35)
[2026-10-05T11:34:13.000Z] at jsxParseElement (/home/ubuntu/gestao-suprimentos-logistica/node_modules/.pnpm/@babel+parser@7.28.4/node_modules/@babel/parser/src/plugins/jsx/index.ts:559:19)
[2026-10-05T11:34:13.000Z] at parseExprAtom (/home/ubuntu/gestao-suprimentos-logistica/node_modules/.pnpm/@babel+parser@7.28.4/node_modules/@babel/parser/src/plugins/jsx/index.ts:573:21)
[2026-10-05T11:34:13.000Z] at parseExprSubscripts (/home/ubuntu/gestao-suprimentos-logistica/node_modules/.pnpm/@babel+parser@7.28.4/node_modules/@babel/parser/src/parser/expression.ts:734:23)
[2026-10-05T11:34:13.000Z] at parseUpdate (/home/ubuntu/gestao-suprimentos-logistica/node_modules/.pnpm/@babel+parser@7.28.4/node_modules/@babel/parser/src/parser/expression.ts:713:21)
[2026-10-05T11:34:13.000Z] at parseMaybeUnary (/home/ubuntu/gestao-suprimentos-logistica/node_modules/.pnpm/@babel+parser@7.28.4/node_modules/@babel/parser/src/parser/expression.ts:675:23)
[2026-10-05T11:34:13.000Z] at parseMaybeUnary (/home/ubuntu/gestao-suprimentos-logistica/node_modules/.pnpm/@babel+parser@7.28.4/node_modules/@babel/parser/src/plugins/typescript/index.ts:3855:20)
[2026-10-05T11:34:13.000Z] at parseMaybeUnaryOrPrivate (/home/ubuntu/gestao-suprimentos-logistica/node_modules/.pnpm/@babel+parser@7.28.4/node_modules/@babel/parser/src/parser/expression.ts:409:14)
[2026-10-05T11:34:13.000Z] at parseExprOps (/home/ubuntu/gestao-suprimentos-logistica/node_modules/.pnpm/@babel+parser@7.28.4/node_modules/@babel/parser/src/parser/expression.ts:421:23)
[2026-10-05T11:34:13.000Z] at parseMaybeConditional (/home/ubuntu/gestao-suprimentos-logistica/node_modules/.pnpm/@babel+parser@7.28.4/node_modules/@babel/parser/src/parser/expression.ts:376:23)
[2026-10-05T11:34:13.000Z] at parseMaybeAssign (/home/ubuntu/gestao-suprimentos-logistica/node_modules/.pnpm/@babel+parser@7.28.4/node_modules/@babel/parser/src/parser/expression.ts:301:21)
[2026-10-05T11:34:13.000Z] at fn (/home/ubuntu/gestao-suprimentos-logistica/node_modules/.pnpm/@babel+parser@7.28.4/node_modules/@babel/parser/src/plugins/typescript/index.ts:3708:23)
[2026-10-05T11:34:13.000Z] at tryParse (/home/ubuntu/gestao-suprimentos-logistica/node_modules/.pnpm/@babel+parser@7.28.4/node_modules/@babel/parser/src/parser/util.ts:174:20)
[2026-10-05T11:34:13.000Z] at parseMaybeAssign (/home/ubuntu/gestao-suprimentos-logistica/node_modules/.pnpm/@babel+parser@7.28.4/node_modules/@babel/parser/src/plugins/typescript/index.ts:3707:20)
[2026-10-05T11:34:13.000Z] at parseExpressionBase (/home/ubuntu/gestao-suprimentos-logistica/node_modules/.pnpm/@babel+parser@7.28.4/node_modules/@babel/parser/src/parser/expression.ts:226:23)
[2026-10-05T11:34:13.000Z] at callback (/home/ubuntu/gestao-suprimentos-logistica/node_modules/.pnpm/@babel+parser@7.28.4/node_modules/@babel/parser/src/parser/expression.ts:217:39)
[2026-10-05T11:34:13.000Z] at allowInAnd (/home/ubuntu/gestao-suprimentos-logistica/node_modules/.pnpm/@babel+parser@7.28.4/node_modules/@babel/parser/src/parser/expression.ts:3187:16)
[2026-10-05T11:34:13.000Z] at parseExpression (/home/ubuntu/gestao-suprimentos-logistica/node_modules/.pnpm/@babel+parser@7.28.4/node_modules/@babel/parser/src/parser/expression.ts:217:17)
[2026-10-05T11:34:13.000Z] at parseStatementContent (/home/ubuntu/gestao-suprimentos-logistica/node_modules/.pnpm/@babel+parser@7.28.4/node_modules/@babel/parser/src/parser/statement.ts:683:23)
[2026-10-05T11:34:13.000Z] at parseStatementContent (/home/ubuntu/gestao-suprimentos-logistica/node_modules/.pnpm/@babel+parser@7.28.4/node_modules/@babel/parser/src/plugins/typescript/index.ts:3185:20)
[2026-10-05T11:34:13.000Z] at parseStatementLike (/home/ubuntu/gestao-suprimentos-logistica/node_modules/.pnpm/@babel+parser@7.28.4/node_modules/@babel/parser/src/parser/statement.ts:477:17)
[2026-10-05T11:34:13.000Z] at parseStatementListItem (/home/ubuntu/gestao-suprimentos-logistica/node_modules/.pnpm/@babel+parser@7.28.4/node_modules/@babel/parser/src/parser/statement.ts:426:17)
[2026-10-05T11:34:13.000Z] at parseBlockOrModuleBlockBody (/home/ubuntu/gestao-suprimentos-logistica/node_modules/.pnpm/@babel+parser@7.28.4/node_modules/@babel/parser/src/parser/statement.ts:1439:16)
[2026-10-05T11:34:13.000Z] at parseBlockBody (/home/ubuntu/gestao-suprimentos-logistica/node_modules/.pnpm/@babel+parser@7.28.4/node_modules/@babel/parser/src/parser/statement.ts:1412:10)
[2026-10-05T11:34:13.000Z] at parseBlock (/home/ubuntu/gestao-suprimentos-logistica/node_modules/.pnpm/@babel+parser@7.28.4/node_modules/@babel/parser/src/parser/statement.ts:1380:10)
[2026-10-05T11:34:13.000Z] at parseFunctionBody (/home/ubuntu/gestao-suprimentos-logistica/node_modules/.pnpm/@babel+parser@7.28.4/node_modules/@babel/parser/src/parser/expression.ts:2616:24)
[2026-10-05T11:34:13.000Z] at parseFunctionBodyAndFinish (/home/ubuntu/gestao-suprimentos-logistica/node_modules/.pnpm/@babel+parser@7.28.4/node_modules/@babel/parser/src/parser/expression.ts:2585:10)
[2026-10-05T11:34:13.000Z] at parseFunctionBodyAndFinish (/home/ubuntu/gestao-suprimentos-logistica/node_modules/.pnpm/@babel+parser@7.28.4/node_modules/@babel/parser/src/plugins/typescript/index.ts:2646:20)
[2026-10-05T11:34:13.000Z] at callback (/home/ubuntu/gestao-suprimentos-logistica/node_modules/.pnpm/@babel+parser@7.28.4/node_modules/@babel/parser/src/parser/statement.ts:1690:12)
[2026-10-05T11:34:13.000Z] at withSmartMixTopicForbiddingContext (/home/ubuntu/gestao-suprimentos-logistica/node_modules/.pnpm/@babel+parser@7.28.4/node_modules/@babel/parser/src/parser/expression.ts:3166:14)
[2026-10-05T11:34:13.000Z] at parseFunction (/home/ubuntu/gestao-suprimentos-logistica/node_modules/.pnpm/@babel+parser@7.28.4/node_modules/@babel/parser/src/parser/statement.ts:1688:10)
[2026-10-05T11:34:13.000Z] at parseExportDefaultExpression (/home/ubuntu/gestao-suprimentos-logistica/node_modules/.pnpm/@babel+parser@7.28.4/node_modules/@babel/parser/src/parser/statement.ts:2565:19)
[2026-10-05T11:34:13.000Z] at parseExportDefaultExpression (/home/ubuntu/gestao-suprimentos-logistica/node_modules/.pnpm/@babel+parser@7.28.4/node_modules/@babel/parser/src/plugins/typescript/index.ts:3117:20)
[2026-10-05T11:34:13.000Z] at parseExport (/home/ubuntu/gestao-suprimentos-logistica/node_modules/.pnpm/@babel+parser@7.28.4/node_modules/@babel/parser/src/parser/statement.ts:2447:25)
[2026-10-05T11:34:13.000Z] at parseExport (/home/ubuntu/gestao-suprimentos-logistica/node_modules/.pnpm/@babel+parser@7.28.4/node_modules/@babel/parser/src/plugins/typescript/index.ts:3087:22)
[2026-10-05T11:34:13.000Z] at parseStatementContent (/home/ubuntu/gestao-suprimentos-logistica/node_modules/.pnpm/@babel+parser@7.28.4/node_modules/@babel/parser/src/parser/statement.ts:644:25)
[2026-10-05T11:34:13.000Z] at parseStatementContent (/home/ubuntu/gestao-suprimentos-logistica/node_modules/.pnpm/@babel+parser@7.28.4/node_modules/@babel/parser/src/plugins/typescript/index.ts:3185:20)
[2026-10-05T11:34:13.000Z] at parseStatementLike (/home/ubuntu/gestao-suprimentos-logistica/node_modules/.pnpm/@babel+parser@7.28.4/node_modules/@babel/parser/src/parser/statement.ts:477:17)
[2026-10-05T11:34:13.000Z] at parseModuleItem (/home/ubuntu/gestao-suprimentos-logistica/node_modules/.pnpm/@babel+parser@7.28.4/node_modules/@babel/parser/src/parser/statement.ts:414:17)
[2026-10-05T11:34:13.000Z] at parseBlockOrModuleBlockBody (/home/ubuntu/gestao-suprimentos-logistica/node_modules/.pnpm/@babel+parser@7.28.4/node_modules/@babel/parser/src/parser/statement.ts:1438:16)
[2026-10-05T11:34:13.000Z] at parseBlockBody (/home/ubuntu/gestao-suprimentos-logistica/node_modules/.pnpm/@babel+parser@7.28.4/node_modules/@babel/parser/src/parser/statement.ts:1412:10)
[2026-10-05T11:34:13.000Z] at parseProgram (/home/ubuntu/gestao-suprimentos-logistica/node_modules/.pnpm/@babel+parser@7.28.4/node_modules/@babel/parser/src/parser/statement.ts:229:10)
[2026-10-05T11:34:13.000Z] at parseTopLevel (/home/ubuntu/gestao-suprimentos-logistica/node_modules/.pnpm/@babel+parser@7.28.4/node_modules/@babel/parser/src/parser/statement.ts:203:25)
[2026-10-05T11:34:13.209Z] 11:34:13 AM [vite] Internal server error: Failed to resolve import "exceljs" from "client/src/pages/CostEvolution.tsx". Does the file exist?
[2026-10-05T11:34:13.209Z] Plugin: vite:import-analysis
[2026-10-05T11:34:13.209Z] File: /home/ubuntu/gestao-suprimentos-logistica/client/src/pages/CostEvolution.tsx:188:29
[2026-10-05T11:34:13.209Z] 614 |        return;
[2026-10-05T11:34:13.209Z] 615 |      }
[2026-10-05T11:34:13.209Z] 616 |      const mod = await import("exceljs");
[2026-10-05T11:34:13.209Z] |                               ^
[2026-10-05T11:34:13.209Z] 617 |      const ExcelJS = mod.default ?? mod;
[2026-10-05T11:34:13.209Z] 618 |      const workbook = new ExcelJS.Workbook();
[2026-10-05T11:34:13.209Z] at TransformPluginContext._formatLog (/home/ubuntu/gestao-suprimentos-logistica/node_modules/.pnpm/vite@7.1.9_@types+node@24.7.0_jiti@2.6.1_lightningcss@1.30.1_tsx@4.20.6/node_modules/vite/dist/node/chunks/dep-Chhhsdoe.js:31219:43)
[2026-10-05T11:34:13.209Z] at TransformPluginContext.error (/home/ubuntu/gestao-suprimentos-logistica/node_modules/.pnpm/vite@7.1.9_@types+node@24.7.0_jiti@2.6.1_lightningcss@1.30.1_tsx@4.20.6/node_modules/vite/dist/node/chunks/dep-Chhhsdoe.js:31216:14)
[2026-10-05T11:34:13.209Z] at normalizeUrl (/home/ubuntu/gestao-suprimentos-logistica/node_modules/.pnpm/vite@7.1.9_@types+node@24.7.0_jiti@2.6.1_lightningcss@1.30.1_tsx@4.20.6/node_modules/vite/dist/node/chunks/dep-Chhhsdoe.js:29699:18)
[2026-10-05T11:34:13.209Z] at process.processTicksAndRejections (node:internal/process/task_queues:105:5)
[2026-10-05T11:34:13.209Z] at async <anonymous> (/home/ubuntu/gestao-suprimentos-logistica/node_modules/.pnpm/vite@7.1.9_@types+node@24.7.0_jiti@2.6.1_lightningcss@1.30.1_tsx@4.20.6/node_modules/vite/dist/node/chunks/dep-Chhhsdoe.js:29757:32)
[2026-10-05T11:34:13.209Z] at async Promise.all (index 10)
[2026-10-05T11:34:13.209Z] at async TransformPluginContext.transform (/home/ubuntu/gestao-suprimentos-logistica/node_modules/.pnpm/vite@7.1.9_@types+node@24.7.0_jiti@2.6.1_lightningcss@1.30.1_tsx@4.20.6/node_modules/vite/dist/node/chunks/dep-Chhhsdoe.js:29725:4)
[2026-10-05T11:34:13.209Z] at async EnvironmentPluginContainer.transform (/home/ubuntu/gestao-suprimentos-logistica/node_modules/.pnpm/vite@7.1.9_@types+node@24.7.0_jiti@2.6.1_lightningcss@1.30.1_tsx@4.20.6/node_modules/vite/dist/node/chunks/dep-Chhhsdoe.js:31018:14)
[2026-10-05T11:34:13.209Z] at async loadAndTransform (/home/ubuntu/gestao-suprimentos-logistica/node_modules/.pnpm/vite@7.1.9_@types+node@24.7.0_jiti@2.6.1_lightningcss@1.30.1_tsx@4.20.6/node_modules/vite/dist/node/chunks/dep-Chhhsdoe.js:26143:26)
[2026-10-05T11:34:13.209Z] at async viteTransformMiddleware (/home/ubuntu/gestao-suprimentos-logistica/node_modules/.pnpm/vite@7.1.9_@types+node@24.7.0_jiti@2.6.1_lightningcss@1.30.1_tsx@4.20.6/node_modules/vite/dist/node/chunks/dep-Chhhsdoe.js:27221:20)
[2026-10-05T11:34:13.222Z] 11:34:13 AM [vite] Internal server error: Failed to resolve import "exceljs" from "client/src/pages/IndustryCurve.tsx". Does the file exist?
[2026-10-05T11:34:13.222Z] Plugin: vite:import-analysis
[2026-10-05T11:34:13.222Z] File: /home/ubuntu/gestao-suprimentos-logistica/client/src/pages/IndustryCurve.tsx:68:29
[2026-10-05T11:34:13.222Z] 73 |        return;
[2026-10-05T11:34:13.222Z] 74 |      }
[2026-10-05T11:34:13.222Z] 75 |      const mod = await import("exceljs");
[2026-10-05T11:34:13.222Z] |                               ^
[2026-10-05T11:34:13.222Z] 76 |      const ExcelJS = mod.default ?? mod;
[2026-10-05T11:34:13.222Z] 77 |      const workbook = new ExcelJS.Workbook();
[2026-10-05T11:34:13.222Z] at TransformPluginContext._formatLog (/home/ubuntu/gestao-suprimentos-logistica/node_modules/.pnpm/vite@7.1.9_@types+node@24.7.0_jiti@2.6.1_lightningcss@1.30.1_tsx@4.20.6/node_modules/vite/dist/node/chunks/dep-Chhhsdoe.js:31219:43)
[2026-10-05T11:34:13.222Z] at TransformPluginContext.error (/home/ubuntu/gestao-suprimentos-logistica/node_modules/.pnpm/vite@7.1.9_@types+node@24.7.0_jiti@2.6.1_lightningcss@1.30.1_tsx@4.20.6/node_modules/vite/dist/node/chunks/dep-Chhhsdoe.js:31216:14)
[2026-10-05T11:34:13.222Z] at normalizeUrl (/home/ubuntu/gestao-suprimentos-logistica/node_modules/.pnpm/vite@7.1.9_@types+node@24.7.0_jiti@2.6.1_lightningcss@1.30.1_tsx@4.20.6/node_modules/vite/dist/node/chunks/dep-Chhhsdoe.js:29699:18)
[2026-10-05T11:34:13.223Z] at process.processTicksAndRejections (node:internal/process/task_queues:105:5)
[2026-10-05T11:34:13.223Z] at async <anonymous> (/home/ubuntu/gestao-suprimentos-logistica/node_modules/.pnpm/vite@7.1.9_@types+node@24.7.0_jiti@2.6.1_lightningcss@1.30.1_tsx@4.20.6/node_modules/vite/dist/node/chunks/dep-Chhhsdoe.js:29757:32)
[2026-10-05T11:34:13.223Z] at async Promise.all (index 8)
[2026-10-05T11:34:13.223Z] at async TransformPluginContext.transform (/home/ubuntu/gestao-suprimentos-logistica/node_modules/.pnpm/vite@7.1.9_@types+node@24.7.0_jiti@2.6.1_lightningcss@1.30.1_tsx@4.20.6/node_modules/vite/dist/node/chunks/dep-Chhhsdoe.js:29725:4)
[2026-10-05T11:34:13.223Z] at async EnvironmentPluginContainer.transform (/home/ubuntu/gestao-suprimentos-logistica/node_modules/.pnpm/vite@7.1.9_@types+node@24.7.0_jiti@2.6.1_lightningcss@1.30.1_tsx@4.20.6/node_modules/vite/dist/node/chunks/dep-Chhhsdoe.js:31018:14)
[2026-10-05T11:34:13.223Z] at async loadAndTransform (/home/ubuntu/gestao-suprimentos-logistica/node_modules/.pnpm/vite@7.1.9_@types+node@24.7.0_jiti@2.6.1_lightningcss@1.30.1_tsx@4.20.6/node_modules/vite/dist/node/chunks/dep-Chhhsdoe.js:26143:26)
[2026-10-05T11:34:13.223Z] at async viteTransformMiddleware (/home/ubuntu/gestao-suprimentos-logistica/node_modules/.pnpm/vite@7.1.9_@types+node@24.7.0_jiti@2.6.1_lightningcss@1.30.1_tsx@4.20.6/node_modules/vite/dist/node/chunks/dep-Chhhsdoe.js:27221:20)
[2026-10-05T11:34:13.749Z] 11:34:13 AM [vite] (client) ✨ new dependencies optimized: @zxing/browser, @zxing/library
[2026-10-05T11:34:13.749Z] 11:34:13 AM [vite] (client) ✨ optimized dependencies changed. reloading
[2026-10-05T11:34:14.741Z] 11:34:14 AM [vite] (client) Pre-transform error: /home/ubuntu/gestao-suprimentos-logistica/client/src/pages/PortalAccess.tsx: Unexpected token (25:1)
[2026-10-05T11:34:14.741Z] 23 |   const [confirmPassword, setConfirmPassword] = useState("");
[2026-10-05T11:34:14.741Z] 24 |   const [pending, setPending] = useState(false);
[2026-10-05T11:34:14.741Z] > 25 | <<<<<<< HEAD
[2026-10-05T11:34:14.741Z] |  ^
[2026-10-05T11:34:14.741Z] 26 |   const [recoveryRequested, setRecoveryRequested] = useState(false);
[2026-10-05T11:34:14.742Z] 27 |   const requestAccess = trpc.portal.createAccessRequest.useMutation({
[2026-10-05T11:34:14.742Z] 28 |     onSuccess: () => { setMode("login"); setDisplayName(""); setReason(""); toast.success("Solicitação enviada para revisão."); },
[2026-10-05T11:34:14.742Z] Plugin: vite:react-babel
[2026-10-05T11:34:14.742Z] File: /home/ubuntu/gestao-suprimentos-logistica/client/src/pages/PortalAccess.tsx:25:1
[2026-10-05T11:34:14.742Z] 23 |    const [confirmPassword, setConfirmPassword] = useState("");
[2026-10-05T11:34:14.742Z] 24 |    const [pending, setPending] = useState(false);
[2026-10-05T11:34:14.742Z] 25 |  <<<<<<< HEAD
[2026-10-05T11:34:14.742Z] |   ^
[2026-10-05T11:34:14.742Z] 26 |    const [recoveryRequested, setRecoveryRequested] = useState(false);
[2026-10-05T11:34:14.742Z] 27 |    const requestAccess = trpc.portal.createAccessRequest.useMutation({
[2026-10-05T11:34:15.640Z] 11:34:15 AM [vite] (client) Pre-transform error: Failed to resolve import "exceljs" from "client/src/pages/CostEvolution.tsx". Does the file exist?
[2026-10-05T11:34:15.640Z] Plugin: vite:import-analysis
[2026-10-05T11:34:15.640Z] File: /home/ubuntu/gestao-suprimentos-logistica/client/src/pages/CostEvolution.tsx:188:29
[2026-10-05T11:34:15.640Z] 614 |        return;
[2026-10-05T11:34:15.640Z] 615 |      }
[2026-10-05T11:34:15.640Z] 616 |      const mod = await import("exceljs");
[2026-10-05T11:34:15.640Z] |                               ^
[2026-10-05T11:34:15.640Z] 617 |      const ExcelJS = mod.default ?? mod;
[2026-10-05T11:34:15.640Z] 618 |      const workbook = new ExcelJS.Workbook();
[2026-10-05T11:34:15.657Z] 11:34:15 AM [vite] (client) Pre-transform error: Failed to resolve import "exceljs" from "client/src/pages/IndustryCurve.tsx". Does the file exist?
[2026-10-05T11:34:15.657Z] Plugin: vite:import-analysis
[2026-10-05T11:34:15.657Z] File: /home/ubuntu/gestao-suprimentos-logistica/client/src/pages/IndustryCurve.tsx:68:29
[2026-10-05T11:34:15.657Z] 73 |        return;
[2026-10-05T11:34:15.657Z] 74 |      }
[2026-10-05T11:34:15.657Z] 75 |      const mod = await import("exceljs");
[2026-10-05T11:34:15.657Z] |                               ^
[2026-10-05T11:34:15.657Z] 76 |      const ExcelJS = mod.default ?? mod;
[2026-10-05T11:34:15.657Z] 77 |      const workbook = new ExcelJS.Workbook();
[2026-10-05T11:34:34.340Z] 11:34:34 AM [vite] (client) hmr update /src/pages/PortalAccess.tsx, /src/index.css
[2026-10-05T11:34:46.549Z] 11:34:46 AM [vite] (client) Pre-transform error: Failed to resolve import "exceljs" from "client/src/pages/CostEvolution.tsx". Does the file exist?
[2026-10-05T11:34:46.549Z] Plugin: vite:import-analysis
[2026-10-05T11:34:46.549Z] File: /home/ubuntu/gestao-suprimentos-logistica/client/src/pages/CostEvolution.tsx:188:29
[2026-10-05T11:34:46.549Z] 614 |        return;
[2026-10-05T11:34:46.549Z] 615 |      }
[2026-10-05T11:34:46.549Z] 616 |      const mod = await import("exceljs");
[2026-10-05T11:34:46.549Z] |                               ^
[2026-10-05T11:34:46.549Z] 617 |      const ExcelJS = mod.default ?? mod;
[2026-10-05T11:34:46.549Z] 618 |      const workbook = new ExcelJS.Workbook();
[2026-10-05T11:34:46.559Z] 11:34:46 AM [vite] (client) Pre-transform error: Failed to resolve import "exceljs" from "client/src/pages/IndustryCurve.tsx". Does the file exist?
[2026-10-05T11:34:46.560Z] Plugin: vite:import-analysis
[2026-10-05T11:34:46.560Z] File: /home/ubuntu/gestao-suprimentos-logistica/client/src/pages/IndustryCurve.tsx:68:29
[2026-10-05T11:34:46.560Z] 73 |        return;
[2026-10-05T11:34:46.560Z] 74 |      }
[2026-10-05T11:34:46.560Z] 75 |      const mod = await import("exceljs");
[2026-10-05T11:34:46.560Z] |                               ^
[2026-10-05T11:34:46.560Z] 76 |      const ExcelJS = mod.default ?? mod;
[2026-10-05T11:34:46.560Z] 77 |      const workbook = new ExcelJS.Workbook();
[2026-10-05T11:35:17.566Z] 11:35:17 AM [vite] Internal server error: Failed to resolve import "exceljs" from "client/src/pages/CostEvolution.tsx". Does the file exist?
[2026-10-05T11:35:17.567Z] Plugin: vite:import-analysis
[2026-10-05T11:35:17.567Z] File: /home/ubuntu/gestao-suprimentos-logistica/client/src/pages/CostEvolution.tsx:188:29
[2026-10-05T11:35:17.567Z] 614 |        return;
[2026-10-05T11:35:17.567Z] 615 |      }
[2026-10-05T11:35:17.567Z] 616 |      const mod = await import("exceljs");
[2026-10-05T11:35:17.567Z] |                               ^
[2026-10-05T11:35:17.567Z] 617 |      const ExcelJS = mod.default ?? mod;
[2026-10-05T11:35:17.567Z] 618 |      const workbook = new ExcelJS.Workbook();
[2026-10-05T11:35:17.567Z] at TransformPluginContext._formatLog (/home/ubuntu/gestao-suprimentos-logistica/node_modules/.pnpm/vite@7.1.9_@types+node@24.7.0_jiti@2.6.1_lightningcss@1.30.1_tsx@4.20.6/node_modules/vite/dist/node/chunks/dep-Chhhsdoe.js:31219:43)
[2026-10-05T11:35:17.567Z] at TransformPluginContext.error (/home/ubuntu/gestao-suprimentos-logistica/node_modules/.pnpm/vite@7.1.9_@types+node@24.7.0_jiti@2.6.1_lightningcss@1.30.1_tsx@4.20.6/node_modules/vite/dist/node/chunks/dep-Chhhsdoe.js:31216:14)
[2026-10-05T11:35:17.567Z] at normalizeUrl (/home/ubuntu/gestao-suprimentos-logistica/node_modules/.pnpm/vite@7.1.9_@types+node@24.7.0_jiti@2.6.1_lightningcss@1.30.1_tsx@4.20.6/node_modules/vite/dist/node/chunks/dep-Chhhsdoe.js:29699:18)
[2026-10-05T11:35:17.567Z] at process.processTicksAndRejections (node:internal/process/task_queues:105:5)
[2026-10-05T11:35:17.567Z] at async <anonymous> (/home/ubuntu/gestao-suprimentos-logistica/node_modules/.pnpm/vite@7.1.9_@types+node@24.7.0_jiti@2.6.1_lightningcss@1.30.1_tsx@4.20.6/node_modules/vite/dist/node/chunks/dep-Chhhsdoe.js:29757:32)
[2026-10-05T11:35:17.567Z] at async Promise.all (index 10)
[2026-10-05T11:35:17.567Z] at async TransformPluginContext.transform (/home/ubuntu/gestao-suprimentos-logistica/node_modules/.pnpm/vite@7.1.9_@types+node@24.7.0_jiti@2.6.1_lightningcss@1.30.1_tsx@4.20.6/node_modules/vite/dist/node/chunks/dep-Chhhsdoe.js:29725:4)
[2026-10-05T11:35:17.567Z] at async EnvironmentPluginContainer.transform (/home/ubuntu/gestao-suprimentos-logistica/node_modules/.pnpm/vite@7.1.9_@types+node@24.7.0_jiti@2.6.1_lightningcss@1.30.1_tsx@4.20.6/node_modules/vite/dist/node/chunks/dep-Chhhsdoe.js:31018:14)
[2026-10-05T11:35:17.567Z] at async loadAndTransform (/home/ubuntu/gestao-suprimentos-logistica/node_modules/.pnpm/vite@7.1.9_@types+node@24.7.0_jiti@2.6.1_lightningcss@1.30.1_tsx@4.20.6/node_modules/vite/dist/node/chunks/dep-Chhhsdoe.js:26143:26)
[2026-10-05T11:35:17.567Z] at async viteTransformMiddleware (/home/ubuntu/gestao-suprimentos-logistica/node_modules/.pnpm/vite@7.1.9_@types+node@24.7.0_jiti@2.6.1_lightningcss@1.30.1_tsx@4.20.6/node_modules/vite/dist/node/chunks/dep-Chhhsdoe.js:27221:20)
[2026-10-05T11:35:17.579Z] 11:35:17 AM [vite] Internal server error: Failed to resolve import "exceljs" from "client/src/pages/IndustryCurve.tsx". Does the file exist?
[2026-10-05T11:35:17.579Z] Plugin: vite:import-analysis
[2026-10-05T11:35:17.579Z] File: /home/ubuntu/gestao-suprimentos-logistica/client/src/pages/IndustryCurve.tsx:68:29
[2026-10-05T11:35:17.579Z] 73 |        return;
[2026-10-05T11:35:17.579Z] 74 |      }
[2026-10-05T11:35:17.579Z] 75 |      const mod = await import("exceljs");
[2026-10-05T11:35:17.579Z] |                               ^
[2026-10-05T11:35:17.579Z] 76 |      const ExcelJS = mod.default ?? mod;
[2026-10-05T11:35:17.579Z] 77 |      const workbook = new ExcelJS.Workbook();
[2026-10-05T11:35:17.579Z] at TransformPluginContext._formatLog (/home/ubuntu/gestao-suprimentos-logistica/node_modules/.pnpm/vite@7.1.9_@types+node@24.7.0_jiti@2.6.1_lightningcss@1.30.1_tsx@4.20.6/node_modules/vite/dist/node/chunks/dep-Chhhsdoe.js:31219:43)
[2026-10-05T11:35:17.579Z] at TransformPluginContext.error (/home/ubuntu/gestao-suprimentos-logistica/node_modules/.pnpm/vite@7.1.9_@types+node@24.7.0_jiti@2.6.1_lightningcss@1.30.1_tsx@4.20.6/node_modules/vite/dist/node/chunks/dep-Chhhsdoe.js:31216:14)
[2026-10-05T11:35:17.579Z] at normalizeUrl (/home/ubuntu/gestao-suprimentos-logistica/node_modules/.pnpm/vite@7.1.9_@types+node@24.7.0_jiti@2.6.1_lightningcss@1.30.1_tsx@4.20.6/node_modules/vite/dist/node/chunks/dep-Chhhsdoe.js:29699:18)
[2026-10-05T11:35:17.579Z] at process.processTicksAndRejections (node:internal/process/task_queues:105:5)
[2026-10-05T11:35:17.579Z] at async <anonymous> (/home/ubuntu/gestao-suprimentos-logistica/node_modules/.pnpm/vite@7.1.9_@types+node@24.7.0_jiti@2.6.1_lightningcss@1.30.1_tsx@4.20.6/node_modules/vite/dist/node/chunks/dep-Chhhsdoe.js:29757:32)
[2026-10-05T11:35:17.579Z] at async Promise.all (index 8)
[2026-10-05T11:35:17.579Z] at async TransformPluginContext.transform (/home/ubuntu/gestao-suprimentos-logistica/node_modules/.pnpm/vite@7.1.9_@types+node@24.7.0_jiti@2.6.1_lightningcss@1.30.1_tsx@4.20.6/node_modules/vite/dist/node/chunks/dep-Chhhsdoe.js:29725:4)
[2026-10-05T11:35:17.579Z] at async EnvironmentPluginContainer.transform (/home/ubuntu/gestao-suprimentos-logistica/node_modules/.pnpm/vite@7.1.9_@types+node@24.7.0_jiti@2.6.1_lightningcss@1.30.1_tsx@4.20.6/node_modules/vite/dist/node/chunks/dep-Chhhsdoe.js:31018:14)
[2026-10-05T11:35:17.579Z] at async loadAndTransform (/home/ubuntu/gestao-suprimentos-logistica/node_modules/.pnpm/vite@7.1.9_@types+node@24.7.0_jiti@2.6.1_lightningcss@1.30.1_tsx@4.20.6/node_modules/vite/dist/node/chunks/dep-Chhhsdoe.js:26143:26)
[2026-10-05T11:35:17.579Z] at async viteTransformMiddleware (/home/ubuntu/gestao-suprimentos-logistica/node_modules/.pnpm/vite@7.1.9_@types+node@24.7.0_jiti@2.6.1_lightningcss@1.30.1_tsx@4.20.6/node_modules/vite/dist/node/chunks/dep-Chhhsdoe.js:27221:20)
[2026-10-05T11:38:13.835Z] Error [ERR_MODULE_NOT_FOUND]: Cannot find module '/home/ubuntu/gestao-suprimentos-logistica/node_modules/.pnpm/vite@7.1.9_@types+node@24.7.0_jiti@2.6.1_lightningcss@1.30.1_tsx@4.20.6/node_modules/vite/dist/node/chunks/dep-CCSnTAeo.js' imported from /home/ubuntu/gestao-suprimentos-logistica/node_modules/.pnpm/vite@7.1.9_@types+node@24.7.0_jiti@2.6.1_lightningcss@1.30.1_tsx@4.20.6/node_modules/vite/dist/node/chunks/dep-Chhhsdoe.js
[2026-10-05T11:38:13.836Z] at finalizeResolution (node:internal/modules/esm/resolve:275:11)
[2026-10-05T11:38:13.836Z] at moduleResolve (node:internal/modules/esm/resolve:932:10)
[2026-10-05T11:38:13.836Z] at defaultResolve (node:internal/modules/esm/resolve:1056:11)
[2026-10-05T11:38:13.836Z] at nextResolve (node:internal/modules/esm/hooks:748:28)
[2026-10-05T11:38:13.836Z] at resolveBase (file:///home/ubuntu/gestao-suprimentos-logistica/node_modules/.pnpm/tsx@4.20.6/node_modules/tsx/dist/esm/index.mjs?1791199828088:2:3744)
[2026-10-05T11:38:13.836Z] at resolveDirectory (file:///home/ubuntu/gestao-suprimentos-logistica/node_modules/.pnpm/tsx@4.20.6/node_modules/tsx/dist/esm/index.mjs?1791199828088:2:4243)
[2026-10-05T11:38:13.836Z] at resolveTsPaths (file:///home/ubuntu/gestao-suprimentos-logistica/node_modules/.pnpm/tsx@4.20.6/node_modules/tsx/dist/esm/index.mjs?1791199828088:2:4984)
[2026-10-05T11:38:13.836Z] at resolve (file:///home/ubuntu/gestao-suprimentos-logistica/node_modules/.pnpm/tsx@4.20.6/node_modules/tsx/dist/esm/index.mjs?1791199828088:2:5361)
[2026-10-05T11:38:13.836Z] at nextResolve (node:internal/modules/esm/hooks:748:28)
[2026-10-05T11:38:13.836Z] at o (file:///home/ubuntu/gestao-suprimentos-logistica/node_modules/.pnpm/@tailwindcss+node@4.1.14/node_modules/@tailwindcss/node/dist/esm-cache.loader.mjs:1:69)
[2026-10-05T11:38:17.289Z] Error [ERR_MODULE_NOT_FOUND]: Cannot find module '/home/ubuntu/gestao-suprimentos-logistica/node_modules/.pnpm/vite@7.1.9_@types+node@24.7.0_jiti@2.6.1_lightningcss@1.30.1_tsx@4.20.6/node_modules/vite/dist/node/chunks/dep-CCSnTAeo.js' imported from /home/ubuntu/gestao-suprimentos-logistica/node_modules/.pnpm/vite@7.1.9_@types+node@24.7.0_jiti@2.6.1_lightningcss@1.30.1_tsx@4.20.6/node_modules/vite/dist/node/chunks/dep-Chhhsdoe.js
[2026-10-05T11:38:17.289Z] at finalizeResolution (node:internal/modules/esm/resolve:275:11)
[2026-10-05T11:38:17.289Z] at moduleResolve (node:internal/modules/esm/resolve:932:10)
[2026-10-05T11:38:17.289Z] at defaultResolve (node:internal/modules/esm/resolve:1056:11)
[2026-10-05T11:38:17.289Z] at nextResolve (node:internal/modules/esm/hooks:748:28)
[2026-10-05T11:38:17.289Z] at resolveBase (file:///home/ubuntu/gestao-suprimentos-logistica/node_modules/.pnpm/tsx@4.20.6/node_modules/tsx/dist/esm/index.mjs?1791199828088:2:3744)
[2026-10-05T11:38:17.289Z] at resolveDirectory (file:///home/ubuntu/gestao-suprimentos-logistica/node_modules/.pnpm/tsx@4.20.6/node_modules/tsx/dist/esm/index.mjs?1791199828088:2:4243)
[2026-10-05T11:38:17.289Z] at resolveTsPaths (file:///home/ubuntu/gestao-suprimentos-logistica/node_modules/.pnpm/tsx@4.20.6/node_modules/tsx/dist/esm/index.mjs?1791199828088:2:4984)
[2026-10-05T11:38:17.289Z] at resolve (file:///home/ubuntu/gestao-suprimentos-logistica/node_modules/.pnpm/tsx@4.20.6/node_modules/tsx/dist/esm/index.mjs?1791199828088:2:5361)
[2026-10-05T11:38:17.289Z] at nextResolve (node:internal/modules/esm/hooks:748:28)
[2026-10-05T11:38:17.289Z] at o (file:///home/ubuntu/gestao-suprimentos-logistica/node_modules/.pnpm/@tailwindcss+node@4.1.14/node_modules/@tailwindcss/node/dist/esm-cache.loader.mjs:1:69)
[2026-10-05T11:38:20.634Z] Error [ERR_MODULE_NOT_FOUND]: Cannot find module '/home/ubuntu/gestao-suprimentos-logistica/node_modules/.pnpm/vite@7.1.9_@types+node@24.7.0_jiti@2.6.1_lightningcss@1.30.1_tsx@4.20.6/node_modules/vite/dist/node/chunks/dep-CCSnTAeo.js' imported from /home/ubuntu/gestao-suprimentos-logistica/node_modules/.pnpm/vite@7.1.9_@types+node@24.7.0_jiti@2.6.1_lightningcss@1.30.1_tsx@4.20.6/node_modules/vite/dist/node/chunks/dep-Chhhsdoe.js
[2026-10-05T11:38:20.634Z] at finalizeResolution (node:internal/modules/esm/resolve:275:11)
[2026-10-05T11:38:20.634Z] at moduleResolve (node:internal/modules/esm/resolve:932:10)
[2026-10-05T11:38:20.634Z] at defaultResolve (node:internal/modules/esm/resolve:1056:11)
[2026-10-05T11:38:20.634Z] at nextResolve (node:internal/modules/esm/hooks:748:28)
[2026-10-05T11:38:20.634Z] at resolveBase (file:///home/ubuntu/gestao-suprimentos-logistica/node_modules/.pnpm/tsx@4.20.6/node_modules/tsx/dist/esm/index.mjs?1791199828088:2:3744)
[2026-10-05T11:38:20.634Z] at resolveDirectory (file:///home/ubuntu/gestao-suprimentos-logistica/node_modules/.pnpm/tsx@4.20.6/node_modules/tsx/dist/esm/index.mjs?1791199828088:2:4243)
[2026-10-05T11:38:20.634Z] at resolveTsPaths (file:///home/ubuntu/gestao-suprimentos-logistica/node_modules/.pnpm/tsx@4.20.6/node_modules/tsx/dist/esm/index.mjs?1791199828088:2:4984)
[2026-10-05T11:38:20.634Z] at resolve (file:///home/ubuntu/gestao-suprimentos-logistica/node_modules/.pnpm/tsx@4.20.6/node_modules/tsx/dist/esm/index.mjs?1791199828088:2:5361)
[2026-10-05T11:38:20.634Z] at nextResolve (node:internal/modules/esm/hooks:748:28)
[2026-10-05T11:38:20.634Z] at o (file:///home/ubuntu/gestao-suprimentos-logistica/node_modules/.pnpm/@tailwindcss+node@4.1.14/node_modules/@tailwindcss/node/dist/esm-cache.loader.mjs:1:69)
[2026-10-05T11:38:23.844Z] Error [ERR_MODULE_NOT_FOUND]: Cannot find module '/home/ubuntu/gestao-suprimentos-logistica/node_modules/.pnpm/vite@7.1.9_@types+node@24.7.0_jiti@2.6.1_lightningcss@1.30.1_tsx@4.20.6/node_modules/vite/dist/node/chunks/dep-CCSnTAeo.js' imported from /home/ubuntu/gestao-suprimentos-logistica/node_modules/.pnpm/vite@7.1.9_@types+node@24.7.0_jiti@2.6.1_lightningcss@1.30.1_tsx@4.20.6/node_modules/vite/dist/node/chunks/dep-Chhhsdoe.js
[2026-10-05T11:38:23.844Z] at finalizeResolution (node:internal/modules/esm/resolve:275:11)
[2026-10-05T11:38:23.844Z] at moduleResolve (node:internal/modules/esm/resolve:932:10)
[2026-10-05T11:38:23.844Z] at defaultResolve (node:internal/modules/esm/resolve:1056:11)
[2026-10-05T11:38:23.844Z] at nextResolve (node:internal/modules/esm/hooks:748:28)
[2026-10-05T11:38:23.844Z] at resolveBase (file:///home/ubuntu/gestao-suprimentos-logistica/node_modules/.pnpm/tsx@4.20.6/node_modules/tsx/dist/esm/index.mjs?1791199828088:2:3744)
[2026-10-05T11:38:23.844Z] at resolveDirectory (file:///home/ubuntu/gestao-suprimentos-logistica/node_modules/.pnpm/tsx@4.20.6/node_modules/tsx/dist/esm/index.mjs?1791199828088:2:4243)
[2026-10-05T11:38:23.844Z] at resolveTsPaths (file:///home/ubuntu/gestao-suprimentos-logistica/node_modules/.pnpm/tsx@4.20.6/node_modules/tsx/dist/esm/index.mjs?1791199828088:2:4984)
[2026-10-05T11:38:23.844Z] at resolve (file:///home/ubuntu/gestao-suprimentos-logistica/node_modules/.pnpm/tsx@4.20.6/node_modules/tsx/dist/esm/index.mjs?1791199828088:2:5361)
[2026-10-05T11:38:23.844Z] at nextResolve (node:internal/modules/esm/hooks:748:28)
[2026-10-05T11:38:23.844Z] at o (file:///home/ubuntu/gestao-suprimentos-logistica/node_modules/.pnpm/@tailwindcss+node@4.1.14/node_modules/@tailwindcss/node/dist/esm-cache.loader.mjs:1:69)
[2026-10-05T11:38:27.041Z] Error [ERR_MODULE_NOT_FOUND]: Cannot find module '/home/ubuntu/gestao-suprimentos-logistica/node_modules/.pnpm/vite@7.1.9_@types+node@24.7.0_jiti@2.6.1_lightningcss@1.30.1_tsx@4.20.6/node_modules/vite/dist/node/chunks/dep-CCSnTAeo.js' imported from /home/ubuntu/gestao-suprimentos-logistica/node_modules/.pnpm/vite@7.1.9_@types+node@24.7.0_jiti@2.6.1_lightningcss@1.30.1_tsx@4.20.6/node_modules/vite/dist/node/chunks/dep-Chhhsdoe.js
[2026-10-05T11:38:27.041Z] at finalizeResolution (node:internal/modules/esm/resolve:275:11)
[2026-10-05T11:38:27.041Z] at moduleResolve (node:internal/modules/esm/resolve:932:10)
[2026-10-05T11:38:27.041Z] at defaultResolve (node:internal/modules/esm/resolve:1056:11)
[2026-10-05T11:38:27.041Z] at nextResolve (node:internal/modules/esm/hooks:748:28)
[2026-10-05T11:38:27.041Z] at resolveBase (file:///home/ubuntu/gestao-suprimentos-logistica/node_modules/.pnpm/tsx@4.20.6/node_modules/tsx/dist/esm/index.mjs?1791199828088:2:3744)
[2026-10-05T11:38:27.041Z] at resolveDirectory (file:///home/ubuntu/gestao-suprimentos-logistica/node_modules/.pnpm/tsx@4.20.6/node_modules/tsx/dist/esm/index.mjs?1791199828088:2:4243)
[2026-10-05T11:38:27.041Z] at resolveTsPaths (file:///home/ubuntu/gestao-suprimentos-logistica/node_modules/.pnpm/tsx@4.20.6/node_modules/tsx/dist/esm/index.mjs?1791199828088:2:4984)
[2026-10-05T11:38:27.041Z] at resolve (file:///home/ubuntu/gestao-suprimentos-logistica/node_modules/.pnpm/tsx@4.20.6/node_modules/tsx/dist/esm/index.mjs?1791199828088:2:5361)
[2026-10-05T11:38:27.041Z] at nextResolve (node:internal/modules/esm/hooks:748:28)
[2026-10-05T11:38:27.041Z] at o (file:///home/ubuntu/gestao-suprimentos-logistica/node_modules/.pnpm/@tailwindcss+node@4.1.14/node_modules/@tailwindcss/node/dist/esm-cache.loader.mjs:1:69)
[2026-10-05T11:38:30.248Z] Error [ERR_MODULE_NOT_FOUND]: Cannot find module '/home/ubuntu/gestao-suprimentos-logistica/node_modules/.pnpm/vite@7.1.9_@types+node@24.7.0_jiti@2.6.1_lightningcss@1.30.1_tsx@4.20.6/node_modules/vite/dist/node/chunks/dep-CCSnTAeo.js' imported from /home/ubuntu/gestao-suprimentos-logistica/node_modules/.pnpm/vite@7.1.9_@types+node@24.7.0_jiti@2.6.1_lightningcss@1.30.1_tsx@4.20.6/node_modules/vite/dist/node/chunks/dep-Chhhsdoe.js
[2026-10-05T11:38:30.248Z] at finalizeResolution (node:internal/modules/esm/resolve:275:11)
[2026-10-05T11:38:30.248Z] at moduleResolve (node:internal/modules/esm/resolve:932:10)
[2026-10-05T11:38:30.248Z] at defaultResolve (node:internal/modules/esm/resolve:1056:11)
[2026-10-05T11:38:30.248Z] at nextResolve (node:internal/modules/esm/hooks:748:28)
[2026-10-05T11:38:30.248Z] at resolveBase (file:///home/ubuntu/gestao-suprimentos-logistica/node_modules/.pnpm/tsx@4.20.6/node_modules/tsx/dist/esm/index.mjs?1791199828088:2:3744)
[2026-10-05T11:38:30.248Z] at resolveDirectory (file:///home/ubuntu/gestao-suprimentos-logistica/node_modules/.pnpm/tsx@4.20.6/node_modules/tsx/dist/esm/index.mjs?1791199828088:2:4243)
[2026-10-05T11:38:30.248Z] at resolveTsPaths (file:///home/ubuntu/gestao-suprimentos-logistica/node_modules/.pnpm/tsx@4.20.6/node_modules/tsx/dist/esm/index.mjs?1791199828088:2:4984)
[2026-10-05T11:38:30.248Z] at resolve (file:///home/ubuntu/gestao-suprimentos-logistica/node_modules/.pnpm/tsx@4.20.6/node_modules/tsx/dist/esm/index.mjs?1791199828088:2:5361)
[2026-10-05T11:38:30.248Z] at nextResolve (node:internal/modules/esm/hooks:748:28)
[2026-10-05T11:38:30.248Z] at o (file:///home/ubuntu/gestao-suprimentos-logistica/node_modules/.pnpm/@tailwindcss+node@4.1.14/node_modules/@tailwindcss/node/dist/esm-cache.loader.mjs:1:69)
[2026-10-05T11:38:33.458Z] Error [ERR_MODULE_NOT_FOUND]: Cannot find module '/home/ubuntu/gestao-suprimentos-logistica/node_modules/.pnpm/vite@7.1.9_@types+node@24.7.0_jiti@2.6.1_lightningcss@1.30.1_tsx@4.20.6/node_modules/vite/dist/node/chunks/dep-CCSnTAeo.js' imported from /home/ubuntu/gestao-suprimentos-logistica/node_modules/.pnpm/vite@7.1.9_@types+node@24.7.0_jiti@2.6.1_lightningcss@1.30.1_tsx@4.20.6/node_modules/vite/dist/node/chunks/dep-Chhhsdoe.js
[2026-10-05T11:38:33.458Z] at finalizeResolution (node:internal/modules/esm/resolve:275:11)
[2026-10-05T11:38:33.458Z] at moduleResolve (node:internal/modules/esm/resolve:932:10)
[2026-10-05T11:38:33.458Z] at defaultResolve (node:internal/modules/esm/resolve:1056:11)
[2026-10-05T11:38:33.458Z] at nextResolve (node:internal/modules/esm/hooks:748:28)
[2026-10-05T11:38:33.458Z] at resolveBase (file:///home/ubuntu/gestao-suprimentos-logistica/node_modules/.pnpm/tsx@4.20.6/node_modules/tsx/dist/esm/index.mjs?1791199828088:2:3744)
[2026-10-05T11:38:33.458Z] at resolveDirectory (file:///home/ubuntu/gestao-suprimentos-logistica/node_modules/.pnpm/tsx@4.20.6/node_modules/tsx/dist/esm/index.mjs?1791199828088:2:4243)
[2026-10-05T11:38:33.458Z] at resolveTsPaths (file:///home/ubuntu/gestao-suprimentos-logistica/node_modules/.pnpm/tsx@4.20.6/node_modules/tsx/dist/esm/index.mjs?1791199828088:2:4984)
[2026-10-05T11:38:33.458Z] at resolve (file:///home/ubuntu/gestao-suprimentos-logistica/node_modules/.pnpm/tsx@4.20.6/node_modules/tsx/dist/esm/index.mjs?1791199828088:2:5361)
[2026-10-05T11:38:33.458Z] at nextResolve (node:internal/modules/esm/hooks:748:28)
[2026-10-05T11:38:33.458Z] at o (file:///home/ubuntu/gestao-suprimentos-logistica/node_modules/.pnpm/@tailwindcss+node@4.1.14/node_modules/@tailwindcss/node/dist/esm-cache.loader.mjs:1:69)
[2026-10-05T11:38:36.788Z] Error [ERR_MODULE_NOT_FOUND]: Cannot find module '/home/ubuntu/gestao-suprimentos-logistica/node_modules/.pnpm/vite@7.1.9_@types+node@24.7.0_jiti@2.6.1_lightningcss@1.30.1_tsx@4.20.6/node_modules/vite/dist/node/chunks/dep-CCSnTAeo.js' imported from /home/ubuntu/gestao-suprimentos-logistica/node_modules/.pnpm/vite@7.1.9_@types+node@24.7.0_jiti@2.6.1_lightningcss@1.30.1_tsx@4.20.6/node_modules/vite/dist/node/chunks/dep-Chhhsdoe.js
[2026-10-05T11:38:36.788Z] at finalizeResolution (node:internal/modules/esm/resolve:275:11)
[2026-10-05T11:38:36.788Z] at moduleResolve (node:internal/modules/esm/resolve:932:10)
[2026-10-05T11:38:36.788Z] at defaultResolve (node:internal/modules/esm/resolve:1056:11)
[2026-10-05T11:38:36.788Z] at nextResolve (node:internal/modules/esm/hooks:748:28)
[2026-10-05T11:38:36.788Z] at resolveBase (file:///home/ubuntu/gestao-suprimentos-logistica/node_modules/.pnpm/tsx@4.20.6/node_modules/tsx/dist/esm/index.mjs?1791199828088:2:3744)
[2026-10-05T11:38:36.788Z] at resolveDirectory (file:///home/ubuntu/gestao-suprimentos-logistica/node_modules/.pnpm/tsx@4.20.6/node_modules/tsx/dist/esm/index.mjs?1791199828088:2:4243)
[2026-10-05T11:38:36.788Z] at resolveTsPaths (file:///home/ubuntu/gestao-suprimentos-logistica/node_modules/.pnpm/tsx@4.20.6/node_modules/tsx/dist/esm/index.mjs?1791199828088:2:4984)
[2026-10-05T11:38:36.788Z] at resolve (file:///home/ubuntu/gestao-suprimentos-logistica/node_modules/.pnpm/tsx@4.20.6/node_modules/tsx/dist/esm/index.mjs?1791199828088:2:5361)
[2026-10-05T11:38:36.788Z] at nextResolve (node:internal/modules/esm/hooks:748:28)
[2026-10-05T11:38:36.788Z] at o (file:///home/ubuntu/gestao-suprimentos-logistica/node_modules/.pnpm/@tailwindcss+node@4.1.14/node_modules/@tailwindcss/node/dist/esm-cache.loader.mjs:1:69)
[2026-10-05T11:38:39.994Z] Error [ERR_MODULE_NOT_FOUND]: Cannot find module '/home/ubuntu/gestao-suprimentos-logistica/node_modules/.pnpm/vite@7.1.9_@types+node@24.7.0_jiti@2.6.1_lightningcss@1.30.1_tsx@4.20.6/node_modules/vite/dist/node/chunks/dep-CCSnTAeo.js' imported from /home/ubuntu/gestao-suprimentos-logistica/node_modules/.pnpm/vite@7.1.9_@types+node@24.7.0_jiti@2.6.1_lightningcss@1.30.1_tsx@4.20.6/node_modules/vite/dist/node/chunks/dep-Chhhsdoe.js
[2026-10-05T11:38:39.995Z] at finalizeResolution (node:internal/modules/esm/resolve:275:11)
[2026-10-05T11:38:39.995Z] at moduleResolve (node:internal/modules/esm/resolve:932:10)
[2026-10-05T11:38:39.995Z] at defaultResolve (node:internal/modules/esm/resolve:1056:11)
[2026-10-05T11:38:39.995Z] at nextResolve (node:internal/modules/esm/hooks:748:28)
[2026-10-05T11:38:39.995Z] at resolveBase (file:///home/ubuntu/gestao-suprimentos-logistica/node_modules/.pnpm/tsx@4.20.6/node_modules/tsx/dist/esm/index.mjs?1791199828088:2:3744)
[2026-10-05T11:38:39.995Z] at resolveDirectory (file:///home/ubuntu/gestao-suprimentos-logistica/node_modules/.pnpm/tsx@4.20.6/node_modules/tsx/dist/esm/index.mjs?1791199828088:2:4243)
[2026-10-05T11:38:39.995Z] at resolveTsPaths (file:///home/ubuntu/gestao-suprimentos-logistica/node_modules/.pnpm/tsx@4.20.6/node_modules/tsx/dist/esm/index.mjs?1791199828088:2:4984)
[2026-10-05T11:38:39.995Z] at resolve (file:///home/ubuntu/gestao-suprimentos-logistica/node_modules/.pnpm/tsx@4.20.6/node_modules/tsx/dist/esm/index.mjs?1791199828088:2:5361)
[2026-10-05T11:38:39.995Z] at nextResolve (node:internal/modules/esm/hooks:748:28)
[2026-10-05T11:38:39.995Z] at o (file:///home/ubuntu/gestao-suprimentos-logistica/node_modules/.pnpm/@tailwindcss+node@4.1.14/node_modules/@tailwindcss/node/dist/esm-cache.loader.mjs:1:69)
[2026-10-05T11:38:43.205Z] Error [ERR_MODULE_NOT_FOUND]: Cannot find module '/home/ubuntu/gestao-suprimentos-logistica/node_modules/.pnpm/vite@7.1.9_@types+node@24.7.0_jiti@2.6.1_lightningcss@1.30.1_tsx@4.20.6/node_modules/vite/dist/node/chunks/dep-CCSnTAeo.js' imported from /home/ubuntu/gestao-suprimentos-logistica/node_modules/.pnpm/vite@7.1.9_@types+node@24.7.0_jiti@2.6.1_lightningcss@1.30.1_tsx@4.20.6/node_modules/vite/dist/node/chunks/dep-Chhhsdoe.js
[2026-10-05T11:38:43.206Z] at finalizeResolution (node:internal/modules/esm/resolve:275:11)
[2026-10-05T11:38:43.206Z] at moduleResolve (node:internal/modules/esm/resolve:932:10)
[2026-10-05T11:38:43.206Z] at defaultResolve (node:internal/modules/esm/resolve:1056:11)
[2026-10-05T11:38:43.206Z] at nextResolve (node:internal/modules/esm/hooks:748:28)
[2026-10-05T11:38:43.206Z] at resolveBase (file:///home/ubuntu/gestao-suprimentos-logistica/node_modules/.pnpm/tsx@4.20.6/node_modules/tsx/dist/esm/index.mjs?1791199828088:2:3744)
[2026-10-05T11:38:43.206Z] at resolveDirectory (file:///home/ubuntu/gestao-suprimentos-logistica/node_modules/.pnpm/tsx@4.20.6/node_modules/tsx/dist/esm/index.mjs?1791199828088:2:4243)
[2026-10-05T11:38:43.206Z] at resolveTsPaths (file:///home/ubuntu/gestao-suprimentos-logistica/node_modules/.pnpm/tsx@4.20.6/node_modules/tsx/dist/esm/index.mjs?1791199828088:2:4984)
[2026-10-05T11:38:43.206Z] at resolve (file:///home/ubuntu/gestao-suprimentos-logistica/node_modules/.pnpm/tsx@4.20.6/node_modules/tsx/dist/esm/index.mjs?1791199828088:2:5361)
[2026-10-05T11:38:43.206Z] at nextResolve (node:internal/modules/esm/hooks:748:28)
[2026-10-05T11:38:43.206Z] at o (file:///home/ubuntu/gestao-suprimentos-logistica/node_modules/.pnpm/@tailwindcss+node@4.1.14/node_modules/@tailwindcss/node/dist/esm-cache.loader.mjs:1:69)
[2026-10-05T11:38:46.422Z] Error [ERR_MODULE_NOT_FOUND]: Cannot find module '/home/ubuntu/gestao-suprimentos-logistica/node_modules/.pnpm/vite@7.1.9_@types+node@24.7.0_jiti@2.6.1_lightningcss@1.30.1_tsx@4.20.6/node_modules/vite/dist/node/chunks/dep-CCSnTAeo.js' imported from /home/ubuntu/gestao-suprimentos-logistica/node_modules/.pnpm/vite@7.1.9_@types+node@24.7.0_jiti@2.6.1_lightningcss@1.30.1_tsx@4.20.6/node_modules/vite/dist/node/chunks/dep-Chhhsdoe.js
[2026-10-05T11:38:46.422Z] at finalizeResolution (node:internal/modules/esm/resolve:275:11)
[2026-10-05T11:38:46.422Z] at moduleResolve (node:internal/modules/esm/resolve:932:10)
[2026-10-05T11:38:46.422Z] at defaultResolve (node:internal/modules/esm/resolve:1056:11)
[2026-10-05T11:38:46.422Z] at nextResolve (node:internal/modules/esm/hooks:748:28)
[2026-10-05T11:38:46.422Z] at resolveBase (file:///home/ubuntu/gestao-suprimentos-logistica/node_modules/.pnpm/tsx@4.20.6/node_modules/tsx/dist/esm/index.mjs?1791199828088:2:3744)
[2026-10-05T11:38:46.422Z] at resolveDirectory (file:///home/ubuntu/gestao-suprimentos-logistica/node_modules/.pnpm/tsx@4.20.6/node_modules/tsx/dist/esm/index.mjs?1791199828088:2:4243)
[2026-10-05T11:38:46.422Z] at resolveTsPaths (file:///home/ubuntu/gestao-suprimentos-logistica/node_modules/.pnpm/tsx@4.20.6/node_modules/tsx/dist/esm/index.mjs?1791199828088:2:4984)
[2026-10-05T11:38:46.422Z] at resolve (file:///home/ubuntu/gestao-suprimentos-logistica/node_modules/.pnpm/tsx@4.20.6/node_modules/tsx/dist/esm/index.mjs?1791199828088:2:5361)
[2026-10-05T11:38:46.422Z] at nextResolve (node:internal/modules/esm/hooks:748:28)
[2026-10-05T11:38:46.422Z] at o (file:///home/ubuntu/gestao-suprimentos-logistica/node_modules/.pnpm/@tailwindcss+node@4.1.14/node_modules/@tailwindcss/node/dist/esm-cache.loader.mjs:1:69)
[2026-10-05T11:38:49.637Z] Error [ERR_MODULE_NOT_FOUND]: Cannot find module '/home/ubuntu/gestao-suprimentos-logistica/node_modules/.pnpm/vite@7.1.9_@types+node@24.7.0_jiti@2.6.1_lightningcss@1.30.1_tsx@4.20.6/node_modules/vite/dist/node/chunks/dep-CCSnTAeo.js' imported from /home/ubuntu/gestao-suprimentos-logistica/node_modules/.pnpm/vite@7.1.9_@types+node@24.7.0_jiti@2.6.1_lightningcss@1.30.1_tsx@4.20.6/node_modules/vite/dist/node/chunks/dep-Chhhsdoe.js
[2026-10-05T11:38:49.638Z] at finalizeResolution (node:internal/modules/esm/resolve:275:11)
[2026-10-05T11:38:49.638Z] at moduleResolve (node:internal/modules/esm/resolve:932:10)
[2026-10-05T11:38:49.638Z] at defaultResolve (node:internal/modules/esm/resolve:1056:11)
[2026-10-05T11:38:49.638Z] at nextResolve (node:internal/modules/esm/hooks:748:28)
[2026-10-05T11:38:49.638Z] at resolveBase (file:///home/ubuntu/gestao-suprimentos-logistica/node_modules/.pnpm/tsx@4.20.6/node_modules/tsx/dist/esm/index.mjs?1791199828088:2:3744)
[2026-10-05T11:38:49.638Z] at resolveDirectory (file:///home/ubuntu/gestao-suprimentos-logistica/node_modules/.pnpm/tsx@4.20.6/node_modules/tsx/dist/esm/index.mjs?1791199828088:2:4243)
[2026-10-05T11:38:49.638Z] at resolveTsPaths (file:///home/ubuntu/gestao-suprimentos-logistica/node_modules/.pnpm/tsx@4.20.6/node_modules/tsx/dist/esm/index.mjs?1791199828088:2:4984)
[2026-10-05T11:38:49.638Z] at resolve (file:///home/ubuntu/gestao-suprimentos-logistica/node_modules/.pnpm/tsx@4.20.6/node_modules/tsx/dist/esm/index.mjs?1791199828088:2:5361)
[2026-10-05T11:38:49.638Z] at nextResolve (node:internal/modules/esm/hooks:748:28)
[2026-10-05T11:38:49.638Z] at o (file:///home/ubuntu/gestao-suprimentos-logistica/node_modules/.pnpm/@tailwindcss+node@4.1.14/node_modules/@tailwindcss/node/dist/esm-cache.loader.mjs:1:69)
[2026-10-05T11:38:52.854Z] Error [ERR_MODULE_NOT_FOUND]: Cannot find module '/home/ubuntu/gestao-suprimentos-logistica/node_modules/.pnpm/vite@7.1.9_@types+node@24.7.0_jiti@2.6.1_lightningcss@1.30.1_tsx@4.20.6/node_modules/vite/dist/node/chunks/dep-CCSnTAeo.js' imported from /home/ubuntu/gestao-suprimentos-logistica/node_modules/.pnpm/vite@7.1.9_@types+node@24.7.0_jiti@2.6.1_lightningcss@1.30.1_tsx@4.20.6/node_modules/vite/dist/node/chunks/dep-Chhhsdoe.js
[2026-10-05T11:38:52.854Z] at finalizeResolution (node:internal/modules/esm/resolve:275:11)
[2026-10-05T11:38:52.854Z] at moduleResolve (node:internal/modules/esm/resolve:932:10)
[2026-10-05T11:38:52.854Z] at defaultResolve (node:internal/modules/esm/resolve:1056:11)
[2026-10-05T11:38:52.854Z] at nextResolve (node:internal/modules/esm/hooks:748:28)
[2026-10-05T11:38:52.854Z] at resolveBase (file:///home/ubuntu/gestao-suprimentos-logistica/node_modules/.pnpm/tsx@4.20.6/node_modules/tsx/dist/esm/index.mjs?1791199828088:2:3744)
[2026-10-05T11:38:52.854Z] at resolveDirectory (file:///home/ubuntu/gestao-suprimentos-logistica/node_modules/.pnpm/tsx@4.20.6/node_modules/tsx/dist/esm/index.mjs?1791199828088:2:4243)
[2026-10-05T11:38:52.854Z] at resolveTsPaths (file:///home/ubuntu/gestao-suprimentos-logistica/node_modules/.pnpm/tsx@4.20.6/node_modules/tsx/dist/esm/index.mjs?1791199828088:2:4984)
[2026-10-05T11:38:52.854Z] at resolve (file:///home/ubuntu/gestao-suprimentos-logistica/node_modules/.pnpm/tsx@4.20.6/node_modules/tsx/dist/esm/index.mjs?1791199828088:2:5361)
[2026-10-05T11:38:52.854Z] at nextResolve (node:internal/modules/esm/hooks:748:28)
[2026-10-05T11:38:52.854Z] at o (file:///home/ubuntu/gestao-suprimentos-logistica/node_modules/.pnpm/@tailwindcss+node@4.1.14/node_modules/@tailwindcss/node/dist/esm-cache.loader.mjs:1:69)
[2026-10-05T11:38:56.070Z] Error [ERR_MODULE_NOT_FOUND]: Cannot find module '/home/ubuntu/gestao-suprimentos-logistica/node_modules/.pnpm/vite@7.1.9_@types+node@24.7.0_jiti@2.6.1_lightningcss@1.30.1_tsx@4.20.6/node_modules/vite/dist/node/chunks/dep-CCSnTAeo.js' imported from /home/ubuntu/gestao-suprimentos-logistica/node_modules/.pnpm/vite@7.1.9_@types+node@24.7.0_jiti@2.6.1_lightningcss@1.30.1_tsx@4.20.6/node_modules/vite/dist/node/chunks/dep-Chhhsdoe.js
[2026-10-05T11:38:56.070Z] at finalizeResolution (node:internal/modules/esm/resolve:275:11)
[2026-10-05T11:38:56.070Z] at moduleResolve (node:internal/modules/esm/resolve:932:10)
[2026-10-05T11:38:56.070Z] at defaultResolve (node:internal/modules/esm/resolve:1056:11)
[2026-10-05T11:38:56.070Z] at nextResolve (node:internal/modules/esm/hooks:748:28)
[2026-10-05T11:38:56.070Z] at resolveBase (file:///home/ubuntu/gestao-suprimentos-logistica/node_modules/.pnpm/tsx@4.20.6/node_modules/tsx/dist/esm/index.mjs?1791199828088:2:3744)
[2026-10-05T11:38:56.070Z] at resolveDirectory (file:///home/ubuntu/gestao-suprimentos-logistica/node_modules/.pnpm/tsx@4.20.6/node_modules/tsx/dist/esm/index.mjs?1791199828088:2:4243)
[2026-10-05T11:38:56.070Z] at resolveTsPaths (file:///home/ubuntu/gestao-suprimentos-logistica/node_modules/.pnpm/tsx@4.20.6/node_modules/tsx/dist/esm/index.mjs?1791199828088:2:4984)
[2026-10-05T11:38:56.070Z] at resolve (file:///home/ubuntu/gestao-suprimentos-logistica/node_modules/.pnpm/tsx@4.20.6/node_modules/tsx/dist/esm/index.mjs?1791199828088:2:5361)
[2026-10-05T11:38:56.070Z] at nextResolve (node:internal/modules/esm/hooks:748:28)
[2026-10-05T11:38:56.070Z] at o (file:///home/ubuntu/gestao-suprimentos-logistica/node_modules/.pnpm/@tailwindcss+node@4.1.14/node_modules/@tailwindcss/node/dist/esm-cache.loader.mjs:1:69)
[2026-10-05T11:38:59.272Z] Error [ERR_MODULE_NOT_FOUND]: Cannot find module '/home/ubuntu/gestao-suprimentos-logistica/node_modules/.pnpm/vite@7.1.9_@types+node@24.7.0_jiti@2.6.1_lightningcss@1.30.1_tsx@4.20.6/node_modules/vite/dist/node/chunks/dep-CCSnTAeo.js' imported from /home/ubuntu/gestao-suprimentos-logistica/node_modules/.pnpm/vite@7.1.9_@types+node@24.7.0_jiti@2.6.1_lightningcss@1.30.1_tsx@4.20.6/node_modules/vite/dist/node/chunks/dep-Chhhsdoe.js
[2026-10-05T11:38:59.272Z] at finalizeResolution (node:internal/modules/esm/resolve:275:11)
[2026-10-05T11:38:59.272Z] at moduleResolve (node:internal/modules/esm/resolve:932:10)
[2026-10-05T11:38:59.272Z] at defaultResolve (node:internal/modules/esm/resolve:1056:11)
[2026-10-05T11:38:59.272Z] at nextResolve (node:internal/modules/esm/hooks:748:28)
[2026-10-05T11:38:59.272Z] at resolveBase (file:///home/ubuntu/gestao-suprimentos-logistica/node_modules/.pnpm/tsx@4.20.6/node_modules/tsx/dist/esm/index.mjs?1791199828088:2:3744)
[2026-10-05T11:38:59.272Z] at resolveDirectory (file:///home/ubuntu/gestao-suprimentos-logistica/node_modules/.pnpm/tsx@4.20.6/node_modules/tsx/dist/esm/index.mjs?1791199828088:2:4243)
[2026-10-05T11:38:59.272Z] at resolveTsPaths (file:///home/ubuntu/gestao-suprimentos-logistica/node_modules/.pnpm/tsx@4.20.6/node_modules/tsx/dist/esm/index.mjs?1791199828088:2:4984)
[2026-10-05T11:38:59.272Z] at resolve (file:///home/ubuntu/gestao-suprimentos-logistica/node_modules/.pnpm/tsx@4.20.6/node_modules/tsx/dist/esm/index.mjs?1791199828088:2:5361)
[2026-10-05T11:38:59.272Z] at nextResolve (node:internal/modules/esm/hooks:748:28)
[2026-10-05T11:38:59.272Z] at o (file:///home/ubuntu/gestao-suprimentos-logistica/node_modules/.pnpm/@tailwindcss+node@4.1.14/node_modules/@tailwindcss/node/dist/esm-cache.loader.mjs:1:69)
[2026-10-05T11:39:00.345Z] 11:39:00 AM [vite] (client) hmr update /src/App.tsx
[2026-10-05T11:39:00.506Z] Error [ERR_MODULE_NOT_FOUND]: Cannot find module '/home/ubuntu/gestao-suprimentos-logistica/node_modules/.pnpm/vite@7.1.9_@types+node@24.7.0_jiti@2.6.1_lightningcss@1.30.1_tsx@4.20.6/node_modules/vite/dist/node/chunks/dep-CCSnTAeo.js' imported from /home/ubuntu/gestao-suprimentos-logistica/node_modules/.pnpm/vite@7.1.9_@types+node@24.7.0_jiti@2.6.1_lightningcss@1.30.1_tsx@4.20.6/node_modules/vite/dist/node/chunks/dep-Chhhsdoe.js
[2026-10-05T11:39:00.506Z] at finalizeResolution (node:internal/modules/esm/resolve:275:11)
[2026-10-05T11:39:00.506Z] at moduleResolve (node:internal/modules/esm/resolve:932:10)
[2026-10-05T11:39:00.506Z] at defaultResolve (node:internal/modules/esm/resolve:1056:11)
[2026-10-05T11:39:00.506Z] at nextResolve (node:internal/modules/esm/hooks:748:28)
[2026-10-05T11:39:00.506Z] at resolveBase (file:///home/ubuntu/gestao-suprimentos-logistica/node_modules/.pnpm/tsx@4.20.6/node_modules/tsx/dist/esm/index.mjs?1791199828088:2:3744)
[2026-10-05T11:39:00.506Z] at resolveDirectory (file:///home/ubuntu/gestao-suprimentos-logistica/node_modules/.pnpm/tsx@4.20.6/node_modules/tsx/dist/esm/index.mjs?1791199828088:2:4243)
[2026-10-05T11:39:00.506Z] at resolveTsPaths (file:///home/ubuntu/gestao-suprimentos-logistica/node_modules/.pnpm/tsx@4.20.6/node_modules/tsx/dist/esm/index.mjs?1791199828088:2:4984)
[2026-10-05T11:39:00.506Z] at resolve (file:///home/ubuntu/gestao-suprimentos-logistica/node_modules/.pnpm/tsx@4.20.6/node_modules/tsx/dist/esm/index.mjs?1791199828088:2:5361)
[2026-10-05T11:39:00.506Z] at nextResolve (node:internal/modules/esm/hooks:748:28)
[2026-10-05T11:39:00.506Z] at o (file:///home/ubuntu/gestao-suprimentos-logistica/node_modules/.pnpm/@tailwindcss+node@4.1.14/node_modules/@tailwindcss/node/dist/esm-cache.loader.mjs:1:69)
[2026-10-05T11:39:00.748Z] Error [ERR_MODULE_NOT_FOUND]: Cannot find module '/home/ubuntu/gestao-suprimentos-logistica/node_modules/.pnpm/vite@7.1.9_@types+node@24.7.0_jiti@2.6.1_lightningcss@1.30.1_tsx@4.20.6/node_modules/vite/dist/node/chunks/dep-CCSnTAeo.js' imported from /home/ubuntu/gestao-suprimentos-logistica/node_modules/.pnpm/vite@7.1.9_@types+node@24.7.0_jiti@2.6.1_lightningcss@1.30.1_tsx@4.20.6/node_modules/vite/dist/node/chunks/dep-Chhhsdoe.js
[2026-10-05T11:39:00.748Z] at finalizeResolution (node:internal/modules/esm/resolve:275:11)
[2026-10-05T11:39:00.748Z] at moduleResolve (node:internal/modules/esm/resolve:932:10)
[2026-10-05T11:39:00.748Z] at defaultResolve (node:internal/modules/esm/resolve:1056:11)
[2026-10-05T11:39:00.749Z] at nextResolve (node:internal/modules/esm/hooks:748:28)
[2026-10-05T11:39:00.749Z] at resolveBase (file:///home/ubuntu/gestao-suprimentos-logistica/node_modules/.pnpm/tsx@4.20.6/node_modules/tsx/dist/esm/index.mjs?1791199828088:2:3744)
[2026-10-05T11:39:00.749Z] at resolveDirectory (file:///home/ubuntu/gestao-suprimentos-logistica/node_modules/.pnpm/tsx@4.20.6/node_modules/tsx/dist/esm/index.mjs?1791199828088:2:4243)
[2026-10-05T11:39:00.749Z] at resolveTsPaths (file:///home/ubuntu/gestao-suprimentos-logistica/node_modules/.pnpm/tsx@4.20.6/node_modules/tsx/dist/esm/index.mjs?1791199828088:2:4984)
[2026-10-05T11:39:00.749Z] at resolve (file:///home/ubuntu/gestao-suprimentos-logistica/node_modules/.pnpm/tsx@4.20.6/node_modules/tsx/dist/esm/index.mjs?1791199828088:2:5361)
[2026-10-05T11:39:00.749Z] at nextResolve (node:internal/modules/esm/hooks:748:28)
[2026-10-05T11:39:00.749Z] at o (file:///home/ubuntu/gestao-suprimentos-logistica/node_modules/.pnpm/@tailwindcss+node@4.1.14/node_modules/@tailwindcss/node/dist/esm-cache.loader.mjs:1:69)
[2026-10-05T11:39:02.886Z] Error [ERR_MODULE_NOT_FOUND]: Cannot find module '/home/ubuntu/gestao-suprimentos-logistica/node_modules/.pnpm/vite@7.1.9_@types+node@24.7.0_jiti@2.6.1_lightningcss@1.30.1_tsx@4.20.6/node_modules/vite/dist/node/chunks/dep-CCSnTAeo.js' imported from /home/ubuntu/gestao-suprimentos-logistica/node_modules/.pnpm/vite@7.1.9_@types+node@24.7.0_jiti@2.6.1_lightningcss@1.30.1_tsx@4.20.6/node_modules/vite/dist/node/chunks/dep-Chhhsdoe.js
[2026-10-05T11:39:02.886Z] at finalizeResolution (node:internal/modules/esm/resolve:275:11)
[2026-10-05T11:39:02.886Z] at moduleResolve (node:internal/modules/esm/resolve:932:10)
[2026-10-05T11:39:02.886Z] at defaultResolve (node:internal/modules/esm/resolve:1056:11)
[2026-10-05T11:39:02.886Z] at nextResolve (node:internal/modules/esm/hooks:748:28)
[2026-10-05T11:39:02.886Z] at resolveBase (file:///home/ubuntu/gestao-suprimentos-logistica/node_modules/.pnpm/tsx@4.20.6/node_modules/tsx/dist/esm/index.mjs?1791199828088:2:3744)
[2026-10-05T11:39:02.886Z] at resolveDirectory (file:///home/ubuntu/gestao-suprimentos-logistica/node_modules/.pnpm/tsx@4.20.6/node_modules/tsx/dist/esm/index.mjs?1791199828088:2:4243)
[2026-10-05T11:39:02.886Z] at resolveTsPaths (file:///home/ubuntu/gestao-suprimentos-logistica/node_modules/.pnpm/tsx@4.20.6/node_modules/tsx/dist/esm/index.mjs?1791199828088:2:4984)
[2026-10-05T11:39:02.886Z] at resolve (file:///home/ubuntu/gestao-suprimentos-logistica/node_modules/.pnpm/tsx@4.20.6/node_modules/tsx/dist/esm/index.mjs?1791199828088:2:5361)
[2026-10-05T11:39:02.886Z] at nextResolve (node:internal/modules/esm/hooks:748:28)
[2026-10-05T11:39:02.886Z] at o (file:///home/ubuntu/gestao-suprimentos-logistica/node_modules/.pnpm/@tailwindcss+node@4.1.14/node_modules/@tailwindcss/node/dist/esm-cache.loader.mjs:1:69)
[2026-10-05T11:39:03.957Z] Error [ERR_MODULE_NOT_FOUND]: Cannot find module '/home/ubuntu/gestao-suprimentos-logistica/node_modules/.pnpm/vite@7.1.9_@types+node@24.7.0_jiti@2.6.1_lightningcss@1.30.1_tsx@4.20.6/node_modules/vite/dist/node/chunks/dep-CCSnTAeo.js' imported from /home/ubuntu/gestao-suprimentos-logistica/node_modules/.pnpm/vite@7.1.9_@types+node@24.7.0_jiti@2.6.1_lightningcss@1.30.1_tsx@4.20.6/node_modules/vite/dist/node/chunks/dep-Chhhsdoe.js
[2026-10-05T11:39:03.957Z] at finalizeResolution (node:internal/modules/esm/resolve:275:11)
[2026-10-05T11:39:03.957Z] at moduleResolve (node:internal/modules/esm/resolve:932:10)
[2026-10-05T11:39:03.957Z] at defaultResolve (node:internal/modules/esm/resolve:1056:11)
[2026-10-05T11:39:03.957Z] at nextResolve (node:internal/modules/esm/hooks:748:28)
[2026-10-05T11:39:03.957Z] at resolveBase (file:///home/ubuntu/gestao-suprimentos-logistica/node_modules/.pnpm/tsx@4.20.6/node_modules/tsx/dist/esm/index.mjs?1791199828088:2:3744)
[2026-10-05T11:39:03.957Z] at resolveDirectory (file:///home/ubuntu/gestao-suprimentos-logistica/node_modules/.pnpm/tsx@4.20.6/node_modules/tsx/dist/esm/index.mjs?1791199828088:2:4243)
[2026-10-05T11:39:03.957Z] at resolveTsPaths (file:///home/ubuntu/gestao-suprimentos-logistica/node_modules/.pnpm/tsx@4.20.6/node_modules/tsx/dist/esm/index.mjs?1791199828088:2:4984)
[2026-10-05T11:39:03.957Z] at resolve (file:///home/ubuntu/gestao-suprimentos-logistica/node_modules/.pnpm/tsx@4.20.6/node_modules/tsx/dist/esm/index.mjs?1791199828088:2:5361)
[2026-10-05T11:39:03.957Z] at nextResolve (node:internal/modules/esm/hooks:748:28)
[2026-10-05T11:39:03.957Z] at o (file:///home/ubuntu/gestao-suprimentos-logistica/node_modules/.pnpm/@tailwindcss+node@4.1.14/node_modules/@tailwindcss/node/dist/esm-cache.loader.mjs:1:69)
[2026-10-05T11:39:07.159Z] Error [ERR_MODULE_NOT_FOUND]: Cannot find module '/home/ubuntu/gestao-suprimentos-logistica/node_modules/.pnpm/vite@7.1.9_@types+node@24.7.0_jiti@2.6.1_lightningcss@1.30.1_tsx@4.20.6/node_modules/vite/dist/node/chunks/dep-CCSnTAeo.js' imported from /home/ubuntu/gestao-suprimentos-logistica/node_modules/.pnpm/vite@7.1.9_@types+node@24.7.0_jiti@2.6.1_lightningcss@1.30.1_tsx@4.20.6/node_modules/vite/dist/node/chunks/dep-Chhhsdoe.js
[2026-10-05T11:39:07.159Z] at finalizeResolution (node:internal/modules/esm/resolve:275:11)
[2026-10-05T11:39:07.159Z] at moduleResolve (node:internal/modules/esm/resolve:932:10)
[2026-10-05T11:39:07.159Z] at defaultResolve (node:internal/modules/esm/resolve:1056:11)
[2026-10-05T11:39:07.159Z] at nextResolve (node:internal/modules/esm/hooks:748:28)
[2026-10-05T11:39:07.159Z] at resolveBase (file:///home/ubuntu/gestao-suprimentos-logistica/node_modules/.pnpm/tsx@4.20.6/node_modules/tsx/dist/esm/index.mjs?1791199828088:2:3744)
[2026-10-05T11:39:07.159Z] at resolveDirectory (file:///home/ubuntu/gestao-suprimentos-logistica/node_modules/.pnpm/tsx@4.20.6/node_modules/tsx/dist/esm/index.mjs?1791199828088:2:4243)
[2026-10-05T11:39:07.159Z] at resolveTsPaths (file:///home/ubuntu/gestao-suprimentos-logistica/node_modules/.pnpm/tsx@4.20.6/node_modules/tsx/dist/esm/index.mjs?1791199828088:2:4984)
[2026-10-05T11:39:07.159Z] at resolve (file:///home/ubuntu/gestao-suprimentos-logistica/node_modules/.pnpm/tsx@4.20.6/node_modules/tsx/dist/esm/index.mjs?1791199828088:2:5361)
[2026-10-05T11:39:07.159Z] at nextResolve (node:internal/modules/esm/hooks:748:28)
[2026-10-05T11:39:07.160Z] at o (file:///home/ubuntu/gestao-suprimentos-logistica/node_modules/.pnpm/@tailwindcss+node@4.1.14/node_modules/@tailwindcss/node/dist/esm-cache.loader.mjs:1:69)
[2026-10-05T11:39:10.352Z] Error [ERR_MODULE_NOT_FOUND]: Cannot find module '/home/ubuntu/gestao-suprimentos-logistica/node_modules/.pnpm/vite@7.1.9_@types+node@24.7.0_jiti@2.6.1_lightningcss@1.30.1_tsx@4.20.6/node_modules/vite/dist/node/chunks/dep-CCSnTAeo.js' imported from /home/ubuntu/gestao-suprimentos-logistica/node_modules/.pnpm/vite@7.1.9_@types+node@24.7.0_jiti@2.6.1_lightningcss@1.30.1_tsx@4.20.6/node_modules/vite/dist/node/chunks/dep-Chhhsdoe.js
[2026-10-05T11:39:10.352Z] at finalizeResolution (node:internal/modules/esm/resolve:275:11)
[2026-10-05T11:39:10.352Z] at moduleResolve (node:internal/modules/esm/resolve:932:10)
[2026-10-05T11:39:10.352Z] at defaultResolve (node:internal/modules/esm/resolve:1056:11)
[2026-10-05T11:39:10.352Z] at nextResolve (node:internal/modules/esm/hooks:748:28)
[2026-10-05T11:39:10.352Z] at resolveBase (file:///home/ubuntu/gestao-suprimentos-logistica/node_modules/.pnpm/tsx@4.20.6/node_modules/tsx/dist/esm/index.mjs?1791199828088:2:3744)
[2026-10-05T11:39:10.352Z] at resolveDirectory (file:///home/ubuntu/gestao-suprimentos-logistica/node_modules/.pnpm/tsx@4.20.6/node_modules/tsx/dist/esm/index.mjs?1791199828088:2:4243)
[2026-10-05T11:39:10.352Z] at resolveTsPaths (file:///home/ubuntu/gestao-suprimentos-logistica/node_modules/.pnpm/tsx@4.20.6/node_modules/tsx/dist/esm/index.mjs?1791199828088:2:4984)
[2026-10-05T11:39:10.352Z] at resolve (file:///home/ubuntu/gestao-suprimentos-logistica/node_modules/.pnpm/tsx@4.20.6/node_modules/tsx/dist/esm/index.mjs?1791199828088:2:5361)
[2026-10-05T11:39:10.352Z] at nextResolve (node:internal/modules/esm/hooks:748:28)
[2026-10-05T11:39:10.352Z] at o (file:///home/ubuntu/gestao-suprimentos-logistica/node_modules/.pnpm/@tailwindcss+node@4.1.14/node_modules/@tailwindcss/node/dist/esm-cache.loader.mjs:1:69)
[2026-10-05T11:39:13.564Z] Error [ERR_MODULE_NOT_FOUND]: Cannot find module '/home/ubuntu/gestao-suprimentos-logistica/node_modules/.pnpm/vite@7.1.9_@types+node@24.7.0_jiti@2.6.1_lightningcss@1.30.1_tsx@4.20.6/node_modules/vite/dist/node/chunks/dep-CCSnTAeo.js' imported from /home/ubuntu/gestao-suprimentos-logistica/node_modules/.pnpm/vite@7.1.9_@types+node@24.7.0_jiti@2.6.1_lightningcss@1.30.1_tsx@4.20.6/node_modules/vite/dist/node/chunks/dep-Chhhsdoe.js
[2026-10-05T11:39:13.564Z] at finalizeResolution (node:internal/modules/esm/resolve:275:11)
[2026-10-05T11:39:13.564Z] at moduleResolve (node:internal/modules/esm/resolve:932:10)
[2026-10-05T11:39:13.564Z] at defaultResolve (node:internal/modules/esm/resolve:1056:11)
[2026-10-05T11:39:13.564Z] at nextResolve (node:internal/modules/esm/hooks:748:28)
[2026-10-05T11:39:13.564Z] at resolveBase (file:///home/ubuntu/gestao-suprimentos-logistica/node_modules/.pnpm/tsx@4.20.6/node_modules/tsx/dist/esm/index.mjs?1791199828088:2:3744)
[2026-10-05T11:39:13.564Z] at resolveDirectory (file:///home/ubuntu/gestao-suprimentos-logistica/node_modules/.pnpm/tsx@4.20.6/node_modules/tsx/dist/esm/index.mjs?1791199828088:2:4243)
[2026-10-05T11:39:13.564Z] at resolveTsPaths (file:///home/ubuntu/gestao-suprimentos-logistica/node_modules/.pnpm/tsx@4.20.6/node_modules/tsx/dist/esm/index.mjs?1791199828088:2:4984)
[2026-10-05T11:39:13.564Z] at resolve (file:///home/ubuntu/gestao-suprimentos-logistica/node_modules/.pnpm/tsx@4.20.6/node_modules/tsx/dist/esm/index.mjs?1791199828088:2:5361)
[2026-10-05T11:39:13.564Z] at nextResolve (node:internal/modules/esm/hooks:748:28)
[2026-10-05T11:39:13.564Z] at o (file:///home/ubuntu/gestao-suprimentos-logistica/node_modules/.pnpm/@tailwindcss+node@4.1.14/node_modules/@tailwindcss/node/dist/esm-cache.loader.mjs:1:69)
[2026-10-05T11:39:16.759Z] Error [ERR_MODULE_NOT_FOUND]: Cannot find module '/home/ubuntu/gestao-suprimentos-logistica/node_modules/.pnpm/vite@7.1.9_@types+node@24.7.0_jiti@2.6.1_lightningcss@1.30.1_tsx@4.20.6/node_modules/vite/dist/node/chunks/dep-CCSnTAeo.js' imported from /home/ubuntu/gestao-suprimentos-logistica/node_modules/.pnpm/vite@7.1.9_@types+node@24.7.0_jiti@2.6.1_lightningcss@1.30.1_tsx@4.20.6/node_modules/vite/dist/node/chunks/dep-Chhhsdoe.js
[2026-10-05T11:39:16.759Z] at finalizeResolution (node:internal/modules/esm/resolve:275:11)
[2026-10-05T11:39:16.759Z] at moduleResolve (node:internal/modules/esm/resolve:932:10)
[2026-10-05T11:39:16.759Z] at defaultResolve (node:internal/modules/esm/resolve:1056:11)
[2026-10-05T11:39:16.759Z] at nextResolve (node:internal/modules/esm/hooks:748:28)
[2026-10-05T11:39:16.759Z] at resolveBase (file:///home/ubuntu/gestao-suprimentos-logistica/node_modules/.pnpm/tsx@4.20.6/node_modules/tsx/dist/esm/index.mjs?1791199828088:2:3744)
[2026-10-05T11:39:16.759Z] at resolveDirectory (file:///home/ubuntu/gestao-suprimentos-logistica/node_modules/.pnpm/tsx@4.20.6/node_modules/tsx/dist/esm/index.mjs?1791199828088:2:4243)
[2026-10-05T11:39:16.759Z] at resolveTsPaths (file:///home/ubuntu/gestao-suprimentos-logistica/node_modules/.pnpm/tsx@4.20.6/node_modules/tsx/dist/esm/index.mjs?1791199828088:2:4984)
[2026-10-05T11:39:16.759Z] at resolve (file:///home/ubuntu/gestao-suprimentos-logistica/node_modules/.pnpm/tsx@4.20.6/node_modules/tsx/dist/esm/index.mjs?1791199828088:2:5361)
[2026-10-05T11:39:16.759Z] at nextResolve (node:internal/modules/esm/hooks:748:28)
[2026-10-05T11:39:16.759Z] at o (file:///home/ubuntu/gestao-suprimentos-logistica/node_modules/.pnpm/@tailwindcss+node@4.1.14/node_modules/@tailwindcss/node/dist/esm-cache.loader.mjs:1:69)
[2026-10-05T11:39:19.948Z] Error [ERR_MODULE_NOT_FOUND]: Cannot find module '/home/ubuntu/gestao-suprimentos-logistica/node_modules/.pnpm/vite@7.1.9_@types+node@24.7.0_jiti@2.6.1_lightningcss@1.30.1_tsx@4.20.6/node_modules/vite/dist/node/chunks/dep-CCSnTAeo.js' imported from /home/ubuntu/gestao-suprimentos-logistica/node_modules/.pnpm/vite@7.1.9_@types+node@24.7.0_jiti@2.6.1_lightningcss@1.30.1_tsx@4.20.6/node_modules/vite/dist/node/chunks/dep-Chhhsdoe.js
[2026-10-05T11:39:19.948Z] at finalizeResolution (node:internal/modules/esm/resolve:275:11)
[2026-10-05T11:39:19.949Z] at moduleResolve (node:internal/modules/esm/resolve:932:10)
[2026-10-05T11:39:19.949Z] at defaultResolve (node:internal/modules/esm/resolve:1056:11)
[2026-10-05T11:39:19.949Z] at nextResolve (node:internal/modules/esm/hooks:748:28)
[2026-10-05T11:39:19.949Z] at resolveBase (file:///home/ubuntu/gestao-suprimentos-logistica/node_modules/.pnpm/tsx@4.20.6/node_modules/tsx/dist/esm/index.mjs?1791199828088:2:3744)
[2026-10-05T11:39:19.949Z] at resolveDirectory (file:///home/ubuntu/gestao-suprimentos-logistica/node_modules/.pnpm/tsx@4.20.6/node_modules/tsx/dist/esm/index.mjs?1791199828088:2:4243)
[2026-10-05T11:39:19.949Z] at resolveTsPaths (file:///home/ubuntu/gestao-suprimentos-logistica/node_modules/.pnpm/tsx@4.20.6/node_modules/tsx/dist/esm/index.mjs?1791199828088:2:4984)
[2026-10-05T11:39:19.949Z] at resolve (file:///home/ubuntu/gestao-suprimentos-logistica/node_modules/.pnpm/tsx@4.20.6/node_modules/tsx/dist/esm/index.mjs?1791199828088:2:5361)
[2026-10-05T11:39:19.949Z] at nextResolve (node:internal/modules/esm/hooks:748:28)
[2026-10-05T11:39:19.949Z] at o (file:///home/ubuntu/gestao-suprimentos-logistica/node_modules/.pnpm/@tailwindcss+node@4.1.14/node_modules/@tailwindcss/node/dist/esm-cache.loader.mjs:1:69)
[2026-10-05T11:39:23.161Z] Error [ERR_MODULE_NOT_FOUND]: Cannot find module '/home/ubuntu/gestao-suprimentos-logistica/node_modules/.pnpm/vite@7.1.9_@types+node@24.7.0_jiti@2.6.1_lightningcss@1.30.1_tsx@4.20.6/node_modules/vite/dist/node/chunks/dep-CCSnTAeo.js' imported from /home/ubuntu/gestao-suprimentos-logistica/node_modules/.pnpm/vite@7.1.9_@types+node@24.7.0_jiti@2.6.1_lightningcss@1.30.1_tsx@4.20.6/node_modules/vite/dist/node/chunks/dep-Chhhsdoe.js
[2026-10-05T11:39:23.161Z] at finalizeResolution (node:internal/modules/esm/resolve:275:11)
[2026-10-05T11:39:23.161Z] at moduleResolve (node:internal/modules/esm/resolve:932:10)
[2026-10-05T11:39:23.161Z] at defaultResolve (node:internal/modules/esm/resolve:1056:11)
[2026-10-05T11:39:23.161Z] at nextResolve (node:internal/modules/esm/hooks:748:28)
[2026-10-05T11:39:23.161Z] at resolveBase (file:///home/ubuntu/gestao-suprimentos-logistica/node_modules/.pnpm/tsx@4.20.6/node_modules/tsx/dist/esm/index.mjs?1791199828088:2:3744)
[2026-10-05T11:39:23.161Z] at resolveDirectory (file:///home/ubuntu/gestao-suprimentos-logistica/node_modules/.pnpm/tsx@4.20.6/node_modules/tsx/dist/esm/index.mjs?1791199828088:2:4243)
[2026-10-05T11:39:23.161Z] at resolveTsPaths (file:///home/ubuntu/gestao-suprimentos-logistica/node_modules/.pnpm/tsx@4.20.6/node_modules/tsx/dist/esm/index.mjs?1791199828088:2:4984)
[2026-10-05T11:39:23.161Z] at resolve (file:///home/ubuntu/gestao-suprimentos-logistica/node_modules/.pnpm/tsx@4.20.6/node_modules/tsx/dist/esm/index.mjs?1791199828088:2:5361)
[2026-10-05T11:39:23.161Z] at nextResolve (node:internal/modules/esm/hooks:748:28)
[2026-10-05T11:39:23.161Z] at o (file:///home/ubuntu/gestao-suprimentos-logistica/node_modules/.pnpm/@tailwindcss+node@4.1.14/node_modules/@tailwindcss/node/dist/esm-cache.loader.mjs:1:69)
[2026-10-05T11:39:26.372Z] Error [ERR_MODULE_NOT_FOUND]: Cannot find module '/home/ubuntu/gestao-suprimentos-logistica/node_modules/.pnpm/vite@7.1.9_@types+node@24.7.0_jiti@2.6.1_lightningcss@1.30.1_tsx@4.20.6/node_modules/vite/dist/node/chunks/dep-CCSnTAeo.js' imported from /home/ubuntu/gestao-suprimentos-logistica/node_modules/.pnpm/vite@7.1.9_@types+node@24.7.0_jiti@2.6.1_lightningcss@1.30.1_tsx@4.20.6/node_modules/vite/dist/node/chunks/dep-Chhhsdoe.js
[2026-10-05T11:39:26.372Z] at finalizeResolution (node:internal/modules/esm/resolve:275:11)
[2026-10-05T11:39:26.372Z] at moduleResolve (node:internal/modules/esm/resolve:932:10)
[2026-10-05T11:39:26.372Z] at defaultResolve (node:internal/modules/esm/resolve:1056:11)
[2026-10-05T11:39:26.372Z] at nextResolve (node:internal/modules/esm/hooks:748:28)
[2026-10-05T11:39:26.372Z] at resolveBase (file:///home/ubuntu/gestao-suprimentos-logistica/node_modules/.pnpm/tsx@4.20.6/node_modules/tsx/dist/esm/index.mjs?1791199828088:2:3744)
[2026-10-05T11:39:26.372Z] at resolveDirectory (file:///home/ubuntu/gestao-suprimentos-logistica/node_modules/.pnpm/tsx@4.20.6/node_modules/tsx/dist/esm/index.mjs?1791199828088:2:4243)
[2026-10-05T11:39:26.372Z] at resolveTsPaths (file:///home/ubuntu/gestao-suprimentos-logistica/node_modules/.pnpm/tsx@4.20.6/node_modules/tsx/dist/esm/index.mjs?1791199828088:2:4984)
[2026-10-05T11:39:26.372Z] at resolve (file:///home/ubuntu/gestao-suprimentos-logistica/node_modules/.pnpm/tsx@4.20.6/node_modules/tsx/dist/esm/index.mjs?1791199828088:2:5361)
[2026-10-05T11:39:26.372Z] at nextResolve (node:internal/modules/esm/hooks:748:28)
[2026-10-05T11:39:26.372Z] at o (file:///home/ubuntu/gestao-suprimentos-logistica/node_modules/.pnpm/@tailwindcss+node@4.1.14/node_modules/@tailwindcss/node/dist/esm-cache.loader.mjs:1:69)
[2026-10-05T11:39:29.635Z] Error [ERR_MODULE_NOT_FOUND]: Cannot find module '/home/ubuntu/gestao-suprimentos-logistica/node_modules/.pnpm/vite@7.1.9_@types+node@24.7.0_jiti@2.6.1_lightningcss@1.30.1_tsx@4.20.6/node_modules/vite/dist/node/chunks/dep-CCSnTAeo.js' imported from /home/ubuntu/gestao-suprimentos-logistica/node_modules/.pnpm/vite@7.1.9_@types+node@24.7.0_jiti@2.6.1_lightningcss@1.30.1_tsx@4.20.6/node_modules/vite/dist/node/chunks/dep-Chhhsdoe.js
[2026-10-05T11:39:29.635Z] at finalizeResolution (node:internal/modules/esm/resolve:275:11)
[2026-10-05T11:39:29.635Z] at moduleResolve (node:internal/modules/esm/resolve:932:10)
[2026-10-05T11:39:29.635Z] at defaultResolve (node:internal/modules/esm/resolve:1056:11)
[2026-10-05T11:39:29.635Z] at nextResolve (node:internal/modules/esm/hooks:748:28)
[2026-10-05T11:39:29.635Z] at resolveBase (file:///home/ubuntu/gestao-suprimentos-logistica/node_modules/.pnpm/tsx@4.20.6/node_modules/tsx/dist/esm/index.mjs?1791199828088:2:3744)
[2026-10-05T11:39:29.635Z] at resolveDirectory (file:///home/ubuntu/gestao-suprimentos-logistica/node_modules/.pnpm/tsx@4.20.6/node_modules/tsx/dist/esm/index.mjs?1791199828088:2:4243)
[2026-10-05T11:39:29.635Z] at resolveTsPaths (file:///home/ubuntu/gestao-suprimentos-logistica/node_modules/.pnpm/tsx@4.20.6/node_modules/tsx/dist/esm/index.mjs?1791199828088:2:4984)
[2026-10-05T11:39:29.635Z] at resolve (file:///home/ubuntu/gestao-suprimentos-logistica/node_modules/.pnpm/tsx@4.20.6/node_modules/tsx/dist/esm/index.mjs?1791199828088:2:5361)
[2026-10-05T11:39:29.635Z] at nextResolve (node:internal/modules/esm/hooks:748:28)
[2026-10-05T11:39:29.635Z] at o (file:///home/ubuntu/gestao-suprimentos-logistica/node_modules/.pnpm/@tailwindcss+node@4.1.14/node_modules/@tailwindcss/node/dist/esm-cache.loader.mjs:1:69)
[2026-10-05T11:39:33.342Z] Error [ERR_MODULE_NOT_FOUND]: Cannot find module '/home/ubuntu/gestao-suprimentos-logistica/node_modules/.pnpm/vite@7.1.9_@types+node@24.7.0_jiti@2.6.1_lightningcss@1.30.1_tsx@4.20.6/node_modules/vite/dist/node/chunks/dep-CCSnTAeo.js' imported from /home/ubuntu/gestao-suprimentos-logistica/node_modules/.pnpm/vite@7.1.9_@types+node@24.7.0_jiti@2.6.1_lightningcss@1.30.1_tsx@4.20.6/node_modules/vite/dist/node/chunks/dep-Chhhsdoe.js
[2026-10-05T11:39:33.342Z] at finalizeResolution (node:internal/modules/esm/resolve:275:11)
[2026-10-05T11:39:33.342Z] at moduleResolve (node:internal/modules/esm/resolve:932:10)
[2026-10-05T11:39:33.343Z] at defaultResolve (node:internal/modules/esm/resolve:1056:11)
[2026-10-05T11:39:33.343Z] at nextResolve (node:internal/modules/esm/hooks:748:28)
[2026-10-05T11:39:33.343Z] at resolveBase (file:///home/ubuntu/gestao-suprimentos-logistica/node_modules/.pnpm/tsx@4.20.6/node_modules/tsx/dist/esm/index.mjs?1791199828088:2:3744)
[2026-10-05T11:39:33.343Z] at resolveDirectory (file:///home/ubuntu/gestao-suprimentos-logistica/node_modules/.pnpm/tsx@4.20.6/node_modules/tsx/dist/esm/index.mjs?1791199828088:2:4243)
[2026-10-05T11:39:33.343Z] at resolveTsPaths (file:///home/ubuntu/gestao-suprimentos-logistica/node_modules/.pnpm/tsx@4.20.6/node_modules/tsx/dist/esm/index.mjs?1791199828088:2:4984)
[2026-10-05T11:39:33.343Z] at resolve (file:///home/ubuntu/gestao-suprimentos-logistica/node_modules/.pnpm/tsx@4.20.6/node_modules/tsx/dist/esm/index.mjs?1791199828088:2:5361)
[2026-10-05T11:39:33.343Z] at nextResolve (node:internal/modules/esm/hooks:748:28)
[2026-10-05T11:39:33.343Z] at o (file:///home/ubuntu/gestao-suprimentos-logistica/node_modules/.pnpm/@tailwindcss+node@4.1.14/node_modules/@tailwindcss/node/dist/esm-cache.loader.mjs:1:69)
[2026-10-05T11:39:36.561Z] Error [ERR_MODULE_NOT_FOUND]: Cannot find module '/home/ubuntu/gestao-suprimentos-logistica/node_modules/.pnpm/vite@7.1.9_@types+node@24.7.0_jiti@2.6.1_lightningcss@1.30.1_tsx@4.20.6/node_modules/vite/dist/node/chunks/dep-CCSnTAeo.js' imported from /home/ubuntu/gestao-suprimentos-logistica/node_modules/.pnpm/vite@7.1.9_@types+node@24.7.0_jiti@2.6.1_lightningcss@1.30.1_tsx@4.20.6/node_modules/vite/dist/node/chunks/dep-Chhhsdoe.js
[2026-10-05T11:39:36.561Z] at finalizeResolution (node:internal/modules/esm/resolve:275:11)
[2026-10-05T11:39:36.561Z] at moduleResolve (node:internal/modules/esm/resolve:932:10)
[2026-10-05T11:39:36.561Z] at defaultResolve (node:internal/modules/esm/resolve:1056:11)
[2026-10-05T11:39:36.561Z] at nextResolve (node:internal/modules/esm/hooks:748:28)
[2026-10-05T11:39:36.561Z] at resolveBase (file:///home/ubuntu/gestao-suprimentos-logistica/node_modules/.pnpm/tsx@4.20.6/node_modules/tsx/dist/esm/index.mjs?1791199828088:2:3744)
[2026-10-05T11:39:36.561Z] at resolveDirectory (file:///home/ubuntu/gestao-suprimentos-logistica/node_modules/.pnpm/tsx@4.20.6/node_modules/tsx/dist/esm/index.mjs?1791199828088:2:4243)
[2026-10-05T11:39:36.561Z] at resolveTsPaths (file:///home/ubuntu/gestao-suprimentos-logistica/node_modules/.pnpm/tsx@4.20.6/node_modules/tsx/dist/esm/index.mjs?1791199828088:2:4984)
[2026-10-05T11:39:36.561Z] at resolve (file:///home/ubuntu/gestao-suprimentos-logistica/node_modules/.pnpm/tsx@4.20.6/node_modules/tsx/dist/esm/index.mjs?1791199828088:2:5361)
[2026-10-05T11:39:36.561Z] at nextResolve (node:internal/modules/esm/hooks:748:28)
[2026-10-05T11:39:36.561Z] at o (file:///home/ubuntu/gestao-suprimentos-logistica/node_modules/.pnpm/@tailwindcss+node@4.1.14/node_modules/@tailwindcss/node/dist/esm-cache.loader.mjs:1:69)
[2026-10-05T11:39:39.844Z] Error [ERR_MODULE_NOT_FOUND]: Cannot find module '/home/ubuntu/gestao-suprimentos-logistica/node_modules/.pnpm/vite@7.1.9_@types+node@24.7.0_jiti@2.6.1_lightningcss@1.30.1_tsx@4.20.6/node_modules/vite/dist/node/chunks/dep-CCSnTAeo.js' imported from /home/ubuntu/gestao-suprimentos-logistica/node_modules/.pnpm/vite@7.1.9_@types+node@24.7.0_jiti@2.6.1_lightningcss@1.30.1_tsx@4.20.6/node_modules/vite/dist/node/chunks/dep-Chhhsdoe.js
[2026-10-05T11:39:39.844Z] at finalizeResolution (node:internal/modules/esm/resolve:275:11)
[2026-10-05T11:39:39.844Z] at moduleResolve (node:internal/modules/esm/resolve:932:10)
[2026-10-05T11:39:39.844Z] at defaultResolve (node:internal/modules/esm/resolve:1056:11)
[2026-10-05T11:39:39.844Z] at nextResolve (node:internal/modules/esm/hooks:748:28)
[2026-10-05T11:39:39.844Z] at resolveBase (file:///home/ubuntu/gestao-suprimentos-logistica/node_modules/.pnpm/tsx@4.20.6/node_modules/tsx/dist/esm/index.mjs?1791199828088:2:3744)
[2026-10-05T11:39:39.844Z] at resolveDirectory (file:///home/ubuntu/gestao-suprimentos-logistica/node_modules/.pnpm/tsx@4.20.6/node_modules/tsx/dist/esm/index.mjs?1791199828088:2:4243)
[2026-10-05T11:39:39.844Z] at resolveTsPaths (file:///home/ubuntu/gestao-suprimentos-logistica/node_modules/.pnpm/tsx@4.20.6/node_modules/tsx/dist/esm/index.mjs?1791199828088:2:4984)
[2026-10-05T11:39:39.844Z] at resolve (file:///home/ubuntu/gestao-suprimentos-logistica/node_modules/.pnpm/tsx@4.20.6/node_modules/tsx/dist/esm/index.mjs?1791199828088:2:5361)
[2026-10-05T11:39:39.844Z] at nextResolve (node:internal/modules/esm/hooks:748:28)
[2026-10-05T11:39:39.844Z] at o (file:///home/ubuntu/gestao-suprimentos-logistica/node_modules/.pnpm/@tailwindcss+node@4.1.14/node_modules/@tailwindcss/node/dist/esm-cache.loader.mjs:1:69)
[2026-10-05T11:39:43.049Z] Error [ERR_MODULE_NOT_FOUND]: Cannot find module '/home/ubuntu/gestao-suprimentos-logistica/node_modules/.pnpm/vite@7.1.9_@types+node@24.7.0_jiti@2.6.1_lightningcss@1.30.1_tsx@4.20.6/node_modules/vite/dist/node/chunks/dep-CCSnTAeo.js' imported from /home/ubuntu/gestao-suprimentos-logistica/node_modules/.pnpm/vite@7.1.9_@types+node@24.7.0_jiti@2.6.1_lightningcss@1.30.1_tsx@4.20.6/node_modules/vite/dist/node/chunks/dep-Chhhsdoe.js
[2026-10-05T11:39:43.049Z] at finalizeResolution (node:internal/modules/esm/resolve:275:11)
[2026-10-05T11:39:43.049Z] at moduleResolve (node:internal/modules/esm/resolve:932:10)
[2026-10-05T11:39:43.049Z] at defaultResolve (node:internal/modules/esm/resolve:1056:11)
[2026-10-05T11:39:43.049Z] at nextResolve (node:internal/modules/esm/hooks:748:28)
[2026-10-05T11:39:43.049Z] at resolveBase (file:///home/ubuntu/gestao-suprimentos-logistica/node_modules/.pnpm/tsx@4.20.6/node_modules/tsx/dist/esm/index.mjs?1791199828088:2:3744)
[2026-10-05T11:39:43.049Z] at resolveDirectory (file:///home/ubuntu/gestao-suprimentos-logistica/node_modules/.pnpm/tsx@4.20.6/node_modules/tsx/dist/esm/index.mjs?1791199828088:2:4243)
[2026-10-05T11:39:43.049Z] at resolveTsPaths (file:///home/ubuntu/gestao-suprimentos-logistica/node_modules/.pnpm/tsx@4.20.6/node_modules/tsx/dist/esm/index.mjs?1791199828088:2:4984)
[2026-10-05T11:39:43.049Z] at resolve (file:///home/ubuntu/gestao-suprimentos-logistica/node_modules/.pnpm/tsx@4.20.6/node_modules/tsx/dist/esm/index.mjs?1791199828088:2:5361)
[2026-10-05T11:39:43.049Z] at nextResolve (node:internal/modules/esm/hooks:748:28)
[2026-10-05T11:39:43.049Z] at o (file:///home/ubuntu/gestao-suprimentos-logistica/node_modules/.pnpm/@tailwindcss+node@4.1.14/node_modules/@tailwindcss/node/dist/esm-cache.loader.mjs:1:69)
[2026-10-05T11:39:46.277Z] Error [ERR_MODULE_NOT_FOUND]: Cannot find module '/home/ubuntu/gestao-suprimentos-logistica/node_modules/.pnpm/vite@7.1.9_@types+node@24.7.0_jiti@2.6.1_lightningcss@1.30.1_tsx@4.20.6/node_modules/vite/dist/node/chunks/dep-CCSnTAeo.js' imported from /home/ubuntu/gestao-suprimentos-logistica/node_modules/.pnpm/vite@7.1.9_@types+node@24.7.0_jiti@2.6.1_lightningcss@1.30.1_tsx@4.20.6/node_modules/vite/dist/node/chunks/dep-Chhhsdoe.js
[2026-10-05T11:39:46.277Z] at finalizeResolution (node:internal/modules/esm/resolve:275:11)
[2026-10-05T11:39:46.277Z] at moduleResolve (node:internal/modules/esm/resolve:932:10)
[2026-10-05T11:39:46.277Z] at defaultResolve (node:internal/modules/esm/resolve:1056:11)
[2026-10-05T11:39:46.277Z] at nextResolve (node:internal/modules/esm/hooks:748:28)
[2026-10-05T11:39:46.277Z] at resolveBase (file:///home/ubuntu/gestao-suprimentos-logistica/node_modules/.pnpm/tsx@4.20.6/node_modules/tsx/dist/esm/index.mjs?1791199828088:2:3744)
[2026-10-05T11:39:46.277Z] at resolveDirectory (file:///home/ubuntu/gestao-suprimentos-logistica/node_modules/.pnpm/tsx@4.20.6/node_modules/tsx/dist/esm/index.mjs?1791199828088:2:4243)
[2026-10-05T11:39:46.277Z] at resolveTsPaths (file:///home/ubuntu/gestao-suprimentos-logistica/node_modules/.pnpm/tsx@4.20.6/node_modules/tsx/dist/esm/index.mjs?1791199828088:2:4984)
[2026-10-05T11:39:46.277Z] at resolve (file:///home/ubuntu/gestao-suprimentos-logistica/node_modules/.pnpm/tsx@4.20.6/node_modules/tsx/dist/esm/index.mjs?1791199828088:2:5361)
[2026-10-05T11:39:46.277Z] at nextResolve (node:internal/modules/esm/hooks:748:28)
[2026-10-05T11:39:46.277Z] at o (file:///home/ubuntu/gestao-suprimentos-logistica/node_modules/.pnpm/@tailwindcss+node@4.1.14/node_modules/@tailwindcss/node/dist/esm-cache.loader.mjs:1:69)
[2026-10-05T11:39:49.480Z] Error [ERR_MODULE_NOT_FOUND]: Cannot find module '/home/ubuntu/gestao-suprimentos-logistica/node_modules/.pnpm/vite@7.1.9_@types+node@24.7.0_jiti@2.6.1_lightningcss@1.30.1_tsx@4.20.6/node_modules/vite/dist/node/chunks/dep-CCSnTAeo.js' imported from /home/ubuntu/gestao-suprimentos-logistica/node_modules/.pnpm/vite@7.1.9_@types+node@24.7.0_jiti@2.6.1_lightningcss@1.30.1_tsx@4.20.6/node_modules/vite/dist/node/chunks/dep-Chhhsdoe.js
[2026-10-05T11:39:49.480Z] at finalizeResolution (node:internal/modules/esm/resolve:275:11)
[2026-10-05T11:39:49.480Z] at moduleResolve (node:internal/modules/esm/resolve:932:10)
[2026-10-05T11:39:49.480Z] at defaultResolve (node:internal/modules/esm/resolve:1056:11)
[2026-10-05T11:39:49.480Z] at nextResolve (node:internal/modules/esm/hooks:748:28)
[2026-10-05T11:39:49.480Z] at resolveBase (file:///home/ubuntu/gestao-suprimentos-logistica/node_modules/.pnpm/tsx@4.20.6/node_modules/tsx/dist/esm/index.mjs?1791199828088:2:3744)
[2026-10-05T11:39:49.480Z] at resolveDirectory (file:///home/ubuntu/gestao-suprimentos-logistica/node_modules/.pnpm/tsx@4.20.6/node_modules/tsx/dist/esm/index.mjs?1791199828088:2:4243)
[2026-10-05T11:39:49.480Z] at resolveTsPaths (file:///home/ubuntu/gestao-suprimentos-logistica/node_modules/.pnpm/tsx@4.20.6/node_modules/tsx/dist/esm/index.mjs?1791199828088:2:4984)
[2026-10-05T11:39:49.480Z] at resolve (file:///home/ubuntu/gestao-suprimentos-logistica/node_modules/.pnpm/tsx@4.20.6/node_modules/tsx/dist/esm/index.mjs?1791199828088:2:5361)
[2026-10-05T11:39:49.480Z] at nextResolve (node:internal/modules/esm/hooks:748:28)
[2026-10-05T11:39:49.480Z] at o (file:///home/ubuntu/gestao-suprimentos-logistica/node_modules/.pnpm/@tailwindcss+node@4.1.14/node_modules/@tailwindcss/node/dist/esm-cache.loader.mjs:1:69)
[2026-10-05T11:39:52.669Z] Error [ERR_MODULE_NOT_FOUND]: Cannot find module '/home/ubuntu/gestao-suprimentos-logistica/node_modules/.pnpm/vite@7.1.9_@types+node@24.7.0_jiti@2.6.1_lightningcss@1.30.1_tsx@4.20.6/node_modules/vite/dist/node/chunks/dep-CCSnTAeo.js' imported from /home/ubuntu/gestao-suprimentos-logistica/node_modules/.pnpm/vite@7.1.9_@types+node@24.7.0_jiti@2.6.1_lightningcss@1.30.1_tsx@4.20.6/node_modules/vite/dist/node/chunks/dep-Chhhsdoe.js
[2026-10-05T11:39:52.669Z] at finalizeResolution (node:internal/modules/esm/resolve:275:11)
[2026-10-05T11:39:52.669Z] at moduleResolve (node:internal/modules/esm/resolve:932:10)
[2026-10-05T11:39:52.669Z] at defaultResolve (node:internal/modules/esm/resolve:1056:11)
[2026-10-05T11:39:52.669Z] at nextResolve (node:internal/modules/esm/hooks:748:28)
[2026-10-05T11:39:52.669Z] at resolveBase (file:///home/ubuntu/gestao-suprimentos-logistica/node_modules/.pnpm/tsx@4.20.6/node_modules/tsx/dist/esm/index.mjs?1791199828088:2:3744)
[2026-10-05T11:39:52.669Z] at resolveDirectory (file:///home/ubuntu/gestao-suprimentos-logistica/node_modules/.pnpm/tsx@4.20.6/node_modules/tsx/dist/esm/index.mjs?1791199828088:2:4243)
[2026-10-05T11:39:52.669Z] at resolveTsPaths (file:///home/ubuntu/gestao-suprimentos-logistica/node_modules/.pnpm/tsx@4.20.6/node_modules/tsx/dist/esm/index.mjs?1791199828088:2:4984)
[2026-10-05T11:39:52.669Z] at resolve (file:///home/ubuntu/gestao-suprimentos-logistica/node_modules/.pnpm/tsx@4.20.6/node_modules/tsx/dist/esm/index.mjs?1791199828088:2:5361)
[2026-10-05T11:39:52.669Z] at nextResolve (node:internal/modules/esm/hooks:748:28)
[2026-10-05T11:39:52.669Z] at o (file:///home/ubuntu/gestao-suprimentos-logistica/node_modules/.pnpm/@tailwindcss+node@4.1.14/node_modules/@tailwindcss/node/dist/esm-cache.loader.mjs:1:69)
[2026-10-05T11:39:55.865Z] Error [ERR_MODULE_NOT_FOUND]: Cannot find module '/home/ubuntu/gestao-suprimentos-logistica/node_modules/.pnpm/vite@7.1.9_@types+node@24.7.0_jiti@2.6.1_lightningcss@1.30.1_tsx@4.20.6/node_modules/vite/dist/node/chunks/dep-CCSnTAeo.js' imported from /home/ubuntu/gestao-suprimentos-logistica/node_modules/.pnpm/vite@7.1.9_@types+node@24.7.0_jiti@2.6.1_lightningcss@1.30.1_tsx@4.20.6/node_modules/vite/dist/node/chunks/dep-Chhhsdoe.js
[2026-10-05T11:39:55.865Z] at finalizeResolution (node:internal/modules/esm/resolve:275:11)
[2026-10-05T11:39:55.865Z] at moduleResolve (node:internal/modules/esm/resolve:932:10)
[2026-10-05T11:39:55.865Z] at defaultResolve (node:internal/modules/esm/resolve:1056:11)
[2026-10-05T11:39:55.865Z] at nextResolve (node:internal/modules/esm/hooks:748:28)
[2026-10-05T11:39:55.865Z] at resolveBase (file:///home/ubuntu/gestao-suprimentos-logistica/node_modules/.pnpm/tsx@4.20.6/node_modules/tsx/dist/esm/index.mjs?1791199828088:2:3744)
[2026-10-05T11:39:55.865Z] at resolveDirectory (file:///home/ubuntu/gestao-suprimentos-logistica/node_modules/.pnpm/tsx@4.20.6/node_modules/tsx/dist/esm/index.mjs?1791199828088:2:4243)
[2026-10-05T11:39:55.865Z] at resolveTsPaths (file:///home/ubuntu/gestao-suprimentos-logistica/node_modules/.pnpm/tsx@4.20.6/node_modules/tsx/dist/esm/index.mjs?1791199828088:2:4984)
[2026-10-05T11:39:55.865Z] at resolve (file:///home/ubuntu/gestao-suprimentos-logistica/node_modules/.pnpm/tsx@4.20.6/node_modules/tsx/dist/esm/index.mjs?1791199828088:2:5361)
[2026-10-05T11:39:55.865Z] at nextResolve (node:internal/modules/esm/hooks:748:28)
[2026-10-05T11:39:55.865Z] at o (file:///home/ubuntu/gestao-suprimentos-logistica/node_modules/.pnpm/@tailwindcss+node@4.1.14/node_modules/@tailwindcss/node/dist/esm-cache.loader.mjs:1:69)
[2026-10-05T11:39:59.048Z] Error [ERR_MODULE_NOT_FOUND]: Cannot find module '/home/ubuntu/gestao-suprimentos-logistica/node_modules/.pnpm/vite@7.1.9_@types+node@24.7.0_jiti@2.6.1_lightningcss@1.30.1_tsx@4.20.6/node_modules/vite/dist/node/chunks/dep-CCSnTAeo.js' imported from /home/ubuntu/gestao-suprimentos-logistica/node_modules/.pnpm/vite@7.1.9_@types+node@24.7.0_jiti@2.6.1_lightningcss@1.30.1_tsx@4.20.6/node_modules/vite/dist/node/chunks/dep-Chhhsdoe.js
[2026-10-05T11:39:59.048Z] at finalizeResolution (node:internal/modules/esm/resolve:275:11)
[2026-10-05T11:39:59.048Z] at moduleResolve (node:internal/modules/esm/resolve:932:10)
[2026-10-05T11:39:59.048Z] at defaultResolve (node:internal/modules/esm/resolve:1056:11)
[2026-10-05T11:39:59.048Z] at nextResolve (node:internal/modules/esm/hooks:748:28)
[2026-10-05T11:39:59.048Z] at resolveBase (file:///home/ubuntu/gestao-suprimentos-logistica/node_modules/.pnpm/tsx@4.20.6/node_modules/tsx/dist/esm/index.mjs?1791199828088:2:3744)
[2026-10-05T11:39:59.048Z] at resolveDirectory (file:///home/ubuntu/gestao-suprimentos-logistica/node_modules/.pnpm/tsx@4.20.6/node_modules/tsx/dist/esm/index.mjs?1791199828088:2:4243)
[2026-10-05T11:39:59.048Z] at resolveTsPaths (file:///home/ubuntu/gestao-suprimentos-logistica/node_modules/.pnpm/tsx@4.20.6/node_modules/tsx/dist/esm/index.mjs?1791199828088:2:4984)
[2026-10-05T11:39:59.048Z] at resolve (file:///home/ubuntu/gestao-suprimentos-logistica/node_modules/.pnpm/tsx@4.20.6/node_modules/tsx/dist/esm/index.mjs?1791199828088:2:5361)
[2026-10-05T11:39:59.048Z] at nextResolve (node:internal/modules/esm/hooks:748:28)
[2026-10-05T11:39:59.048Z] at o (file:///home/ubuntu/gestao-suprimentos-logistica/node_modules/.pnpm/@tailwindcss+node@4.1.14/node_modules/@tailwindcss/node/dist/esm-cache.loader.mjs:1:69)
[2026-10-05T11:40:02.243Z] Error [ERR_MODULE_NOT_FOUND]: Cannot find module '/home/ubuntu/gestao-suprimentos-logistica/node_modules/.pnpm/vite@7.1.9_@types+node@24.7.0_jiti@2.6.1_lightningcss@1.30.1_tsx@4.20.6/node_modules/vite/dist/node/chunks/dep-CCSnTAeo.js' imported from /home/ubuntu/gestao-suprimentos-logistica/node_modules/.pnpm/vite@7.1.9_@types+node@24.7.0_jiti@2.6.1_lightningcss@1.30.1_tsx@4.20.6/node_modules/vite/dist/node/chunks/dep-Chhhsdoe.js
[2026-10-05T11:40:02.243Z] at finalizeResolution (node:internal/modules/esm/resolve:275:11)
[2026-10-05T11:40:02.243Z] at moduleResolve (node:internal/modules/esm/resolve:932:10)
[2026-10-05T11:40:02.243Z] at defaultResolve (node:internal/modules/esm/resolve:1056:11)
[2026-10-05T11:40:02.243Z] at nextResolve (node:internal/modules/esm/hooks:748:28)
[2026-10-05T11:40:02.243Z] at resolveBase (file:///home/ubuntu/gestao-suprimentos-logistica/node_modules/.pnpm/tsx@4.20.6/node_modules/tsx/dist/esm/index.mjs?1791199828088:2:3744)
[2026-10-05T11:40:02.244Z] at resolveDirectory (file:///home/ubuntu/gestao-suprimentos-logistica/node_modules/.pnpm/tsx@4.20.6/node_modules/tsx/dist/esm/index.mjs?1791199828088:2:4243)
[2026-10-05T11:40:02.244Z] at resolveTsPaths (file:///home/ubuntu/gestao-suprimentos-logistica/node_modules/.pnpm/tsx@4.20.6/node_modules/tsx/dist/esm/index.mjs?1791199828088:2:4984)
[2026-10-05T11:40:02.244Z] at resolve (file:///home/ubuntu/gestao-suprimentos-logistica/node_modules/.pnpm/tsx@4.20.6/node_modules/tsx/dist/esm/index.mjs?1791199828088:2:5361)
[2026-10-05T11:40:02.244Z] at nextResolve (node:internal/modules/esm/hooks:748:28)
[2026-10-05T11:40:02.244Z] at o (file:///home/ubuntu/gestao-suprimentos-logistica/node_modules/.pnpm/@tailwindcss+node@4.1.14/node_modules/@tailwindcss/node/dist/esm-cache.loader.mjs:1:69)
[2026-10-05T11:40:05.443Z] Error [ERR_MODULE_NOT_FOUND]: Cannot find module '/home/ubuntu/gestao-suprimentos-logistica/node_modules/.pnpm/vite@7.1.9_@types+node@24.7.0_jiti@2.6.1_lightningcss@1.30.1_tsx@4.20.6/node_modules/vite/dist/node/chunks/dep-CCSnTAeo.js' imported from /home/ubuntu/gestao-suprimentos-logistica/node_modules/.pnpm/vite@7.1.9_@types+node@24.7.0_jiti@2.6.1_lightningcss@1.30.1_tsx@4.20.6/node_modules/vite/dist/node/chunks/dep-Chhhsdoe.js
[2026-10-05T11:40:05.443Z] at finalizeResolution (node:internal/modules/esm/resolve:275:11)
[2026-10-05T11:40:05.443Z] at moduleResolve (node:internal/modules/esm/resolve:932:10)
[2026-10-05T11:40:05.443Z] at defaultResolve (node:internal/modules/esm/resolve:1056:11)
[2026-10-05T11:40:05.443Z] at nextResolve (node:internal/modules/esm/hooks:748:28)
[2026-10-05T11:40:05.443Z] at resolveBase (file:///home/ubuntu/gestao-suprimentos-logistica/node_modules/.pnpm/tsx@4.20.6/node_modules/tsx/dist/esm/index.mjs?1791199828088:2:3744)
[2026-10-05T11:40:05.443Z] at resolveDirectory (file:///home/ubuntu/gestao-suprimentos-logistica/node_modules/.pnpm/tsx@4.20.6/node_modules/tsx/dist/esm/index.mjs?1791199828088:2:4243)
[2026-10-05T11:40:05.443Z] at resolveTsPaths (file:///home/ubuntu/gestao-suprimentos-logistica/node_modules/.pnpm/tsx@4.20.6/node_modules/tsx/dist/esm/index.mjs?1791199828088:2:4984)
[2026-10-05T11:40:05.443Z] at resolve (file:///home/ubuntu/gestao-suprimentos-logistica/node_modules/.pnpm/tsx@4.20.6/node_modules/tsx/dist/esm/index.mjs?1791199828088:2:5361)
[2026-10-05T11:40:05.443Z] at nextResolve (node:internal/modules/esm/hooks:748:28)
[2026-10-05T11:40:05.443Z] at o (file:///home/ubuntu/gestao-suprimentos-logistica/node_modules/.pnpm/@tailwindcss+node@4.1.14/node_modules/@tailwindcss/node/dist/esm-cache.loader.mjs:1:69)
[2026-10-05T11:40:08.630Z] Error [ERR_MODULE_NOT_FOUND]: Cannot find module '/home/ubuntu/gestao-suprimentos-logistica/node_modules/.pnpm/vite@7.1.9_@types+node@24.7.0_jiti@2.6.1_lightningcss@1.30.1_tsx@4.20.6/node_modules/vite/dist/node/chunks/dep-CCSnTAeo.js' imported from /home/ubuntu/gestao-suprimentos-logistica/node_modules/.pnpm/vite@7.1.9_@types+node@24.7.0_jiti@2.6.1_lightningcss@1.30.1_tsx@4.20.6/node_modules/vite/dist/node/chunks/dep-Chhhsdoe.js
[2026-10-05T11:40:08.630Z] at finalizeResolution (node:internal/modules/esm/resolve:275:11)
[2026-10-05T11:40:08.630Z] at moduleResolve (node:internal/modules/esm/resolve:932:10)
[2026-10-05T11:40:08.630Z] at defaultResolve (node:internal/modules/esm/resolve:1056:11)
[2026-10-05T11:40:08.630Z] at nextResolve (node:internal/modules/esm/hooks:748:28)
[2026-10-05T11:40:08.630Z] at resolveBase (file:///home/ubuntu/gestao-suprimentos-logistica/node_modules/.pnpm/tsx@4.20.6/node_modules/tsx/dist/esm/index.mjs?1791199828088:2:3744)
[2026-10-05T11:40:08.630Z] at resolveDirectory (file:///home/ubuntu/gestao-suprimentos-logistica/node_modules/.pnpm/tsx@4.20.6/node_modules/tsx/dist/esm/index.mjs?1791199828088:2:4243)
[2026-10-05T11:40:08.630Z] at resolveTsPaths (file:///home/ubuntu/gestao-suprimentos-logistica/node_modules/.pnpm/tsx@4.20.6/node_modules/tsx/dist/esm/index.mjs?1791199828088:2:4984)
[2026-10-05T11:40:08.630Z] at resolve (file:///home/ubuntu/gestao-suprimentos-logistica/node_modules/.pnpm/tsx@4.20.6/node_modules/tsx/dist/esm/index.mjs?1791199828088:2:5361)
[2026-10-05T11:40:08.630Z] at nextResolve (node:internal/modules/esm/hooks:748:28)
[2026-10-05T11:40:08.630Z] at o (file:///home/ubuntu/gestao-suprimentos-logistica/node_modules/.pnpm/@tailwindcss+node@4.1.14/node_modules/@tailwindcss/node/dist/esm-cache.loader.mjs:1:69)
[2026-10-05T11:40:11.818Z] Error [ERR_MODULE_NOT_FOUND]: Cannot find module '/home/ubuntu/gestao-suprimentos-logistica/node_modules/.pnpm/vite@7.1.9_@types+node@24.7.0_jiti@2.6.1_lightningcss@1.30.1_tsx@4.20.6/node_modules/vite/dist/node/chunks/dep-CCSnTAeo.js' imported from /home/ubuntu/gestao-suprimentos-logistica/node_modules/.pnpm/vite@7.1.9_@types+node@24.7.0_jiti@2.6.1_lightningcss@1.30.1_tsx@4.20.6/node_modules/vite/dist/node/chunks/dep-Chhhsdoe.js
[2026-10-05T11:40:11.818Z] at finalizeResolution (node:internal/modules/esm/resolve:275:11)
[2026-10-05T11:40:11.818Z] at moduleResolve (node:internal/modules/esm/resolve:932:10)
[2026-10-05T11:40:11.818Z] at defaultResolve (node:internal/modules/esm/resolve:1056:11)
[2026-10-05T11:40:11.818Z] at nextResolve (node:internal/modules/esm/hooks:748:28)
[2026-10-05T11:40:11.818Z] at resolveBase (file:///home/ubuntu/gestao-suprimentos-logistica/node_modules/.pnpm/tsx@4.20.6/node_modules/tsx/dist/esm/index.mjs?1791199828088:2:3744)
[2026-10-05T11:40:11.818Z] at resolveDirectory (file:///home/ubuntu/gestao-suprimentos-logistica/node_modules/.pnpm/tsx@4.20.6/node_modules/tsx/dist/esm/index.mjs?1791199828088:2:4243)
[2026-10-05T11:40:11.818Z] at resolveTsPaths (file:///home/ubuntu/gestao-suprimentos-logistica/node_modules/.pnpm/tsx@4.20.6/node_modules/tsx/dist/esm/index.mjs?1791199828088:2:4984)
[2026-10-05T11:40:11.818Z] at resolve (file:///home/ubuntu/gestao-suprimentos-logistica/node_modules/.pnpm/tsx@4.20.6/node_modules/tsx/dist/esm/index.mjs?1791199828088:2:5361)
[2026-10-05T11:40:11.818Z] at nextResolve (node:internal/modules/esm/hooks:748:28)
[2026-10-05T11:40:11.818Z] at o (file:///home/ubuntu/gestao-suprimentos-logistica/node_modules/.pnpm/@tailwindcss+node@4.1.14/node_modules/@tailwindcss/node/dist/esm-cache.loader.mjs:1:69)
[2026-10-05T11:40:15.008Z] Error [ERR_MODULE_NOT_FOUND]: Cannot find module '/home/ubuntu/gestao-suprimentos-logistica/node_modules/.pnpm/vite@7.1.9_@types+node@24.7.0_jiti@2.6.1_lightningcss@1.30.1_tsx@4.20.6/node_modules/vite/dist/node/chunks/dep-CCSnTAeo.js' imported from /home/ubuntu/gestao-suprimentos-logistica/node_modules/.pnpm/vite@7.1.9_@types+node@24.7.0_jiti@2.6.1_lightningcss@1.30.1_tsx@4.20.6/node_modules/vite/dist/node/chunks/dep-Chhhsdoe.js
[2026-10-05T11:40:15.008Z] at finalizeResolution (node:internal/modules/esm/resolve:275:11)
[2026-10-05T11:40:15.009Z] at moduleResolve (node:internal/modules/esm/resolve:932:10)
[2026-10-05T11:40:15.009Z] at defaultResolve (node:internal/modules/esm/resolve:1056:11)
[2026-10-05T11:40:15.009Z] at nextResolve (node:internal/modules/esm/hooks:748:28)
[2026-10-05T11:40:15.009Z] at resolveBase (file:///home/ubuntu/gestao-suprimentos-logistica/node_modules/.pnpm/tsx@4.20.6/node_modules/tsx/dist/esm/index.mjs?1791199828088:2:3744)
[2026-10-05T11:40:15.009Z] at resolveDirectory (file:///home/ubuntu/gestao-suprimentos-logistica/node_modules/.pnpm/tsx@4.20.6/node_modules/tsx/dist/esm/index.mjs?1791199828088:2:4243)
[2026-10-05T11:40:15.009Z] at resolveTsPaths (file:///home/ubuntu/gestao-suprimentos-logistica/node_modules/.pnpm/tsx@4.20.6/node_modules/tsx/dist/esm/index.mjs?1791199828088:2:4984)
[2026-10-05T11:40:15.009Z] at resolve (file:///home/ubuntu/gestao-suprimentos-logistica/node_modules/.pnpm/tsx@4.20.6/node_modules/tsx/dist/esm/index.mjs?1791199828088:2:5361)
[2026-10-05T11:40:15.009Z] at nextResolve (node:internal/modules/esm/hooks:748:28)
[2026-10-05T11:40:15.009Z] at o (file:///home/ubuntu/gestao-suprimentos-logistica/node_modules/.pnpm/@tailwindcss+node@4.1.14/node_modules/@tailwindcss/node/dist/esm-cache.loader.mjs:1:69)
[2026-10-05T11:40:18.222Z] Error [ERR_MODULE_NOT_FOUND]: Cannot find module '/home/ubuntu/gestao-suprimentos-logistica/node_modules/.pnpm/vite@7.1.9_@types+node@24.7.0_jiti@2.6.1_lightningcss@1.30.1_tsx@4.20.6/node_modules/vite/dist/node/chunks/dep-CCSnTAeo.js' imported from /home/ubuntu/gestao-suprimentos-logistica/node_modules/.pnpm/vite@7.1.9_@types+node@24.7.0_jiti@2.6.1_lightningcss@1.30.1_tsx@4.20.6/node_modules/vite/dist/node/chunks/dep-Chhhsdoe.js
[2026-10-05T11:40:18.222Z] at finalizeResolution (node:internal/modules/esm/resolve:275:11)
[2026-10-05T11:40:18.222Z] at moduleResolve (node:internal/modules/esm/resolve:932:10)
[2026-10-05T11:40:18.222Z] at defaultResolve (node:internal/modules/esm/resolve:1056:11)
[2026-10-05T11:40:18.222Z] at nextResolve (node:internal/modules/esm/hooks:748:28)
[2026-10-05T11:40:18.222Z] at resolveBase (file:///home/ubuntu/gestao-suprimentos-logistica/node_modules/.pnpm/tsx@4.20.6/node_modules/tsx/dist/esm/index.mjs?1791199828088:2:3744)
[2026-10-05T11:40:18.222Z] at resolveDirectory (file:///home/ubuntu/gestao-suprimentos-logistica/node_modules/.pnpm/tsx@4.20.6/node_modules/tsx/dist/esm/index.mjs?1791199828088:2:4243)
[2026-10-05T11:40:18.222Z] at resolveTsPaths (file:///home/ubuntu/gestao-suprimentos-logistica/node_modules/.pnpm/tsx@4.20.6/node_modules/tsx/dist/esm/index.mjs?1791199828088:2:4984)
[2026-10-05T11:40:18.222Z] at resolve (file:///home/ubuntu/gestao-suprimentos-logistica/node_modules/.pnpm/tsx@4.20.6/node_modules/tsx/dist/esm/index.mjs?1791199828088:2:5361)
[2026-10-05T11:40:18.222Z] at nextResolve (node:internal/modules/esm/hooks:748:28)
[2026-10-05T11:40:18.222Z] at o (file:///home/ubuntu/gestao-suprimentos-logistica/node_modules/.pnpm/@tailwindcss+node@4.1.14/node_modules/@tailwindcss/node/dist/esm-cache.loader.mjs:1:69)
[2026-10-05T11:40:21.432Z] Error [ERR_MODULE_NOT_FOUND]: Cannot find module '/home/ubuntu/gestao-suprimentos-logistica/node_modules/.pnpm/vite@7.1.9_@types+node@24.7.0_jiti@2.6.1_lightningcss@1.30.1_tsx@4.20.6/node_modules/vite/dist/node/chunks/dep-CCSnTAeo.js' imported from /home/ubuntu/gestao-suprimentos-logistica/node_modules/.pnpm/vite@7.1.9_@types+node@24.7.0_jiti@2.6.1_lightningcss@1.30.1_tsx@4.20.6/node_modules/vite/dist/node/chunks/dep-Chhhsdoe.js
[2026-10-05T11:40:21.433Z] at finalizeResolution (node:internal/modules/esm/resolve:275:11)
[2026-10-05T11:40:21.433Z] at moduleResolve (node:internal/modules/esm/resolve:932:10)
[2026-10-05T11:40:21.433Z] at defaultResolve (node:internal/modules/esm/resolve:1056:11)
[2026-10-05T11:40:21.433Z] at nextResolve (node:internal/modules/esm/hooks:748:28)
[2026-10-05T11:40:21.433Z] at resolveBase (file:///home/ubuntu/gestao-suprimentos-logistica/node_modules/.pnpm/tsx@4.20.6/node_modules/tsx/dist/esm/index.mjs?1791199828088:2:3744)
[2026-10-05T11:40:21.433Z] at resolveDirectory (file:///home/ubuntu/gestao-suprimentos-logistica/node_modules/.pnpm/tsx@4.20.6/node_modules/tsx/dist/esm/index.mjs?1791199828088:2:4243)
[2026-10-05T11:40:21.433Z] at resolveTsPaths (file:///home/ubuntu/gestao-suprimentos-logistica/node_modules/.pnpm/tsx@4.20.6/node_modules/tsx/dist/esm/index.mjs?1791199828088:2:4984)
[2026-10-05T11:40:21.433Z] at resolve (file:///home/ubuntu/gestao-suprimentos-logistica/node_modules/.pnpm/tsx@4.20.6/node_modules/tsx/dist/esm/index.mjs?1791199828088:2:5361)
[2026-10-05T11:40:21.433Z] at nextResolve (node:internal/modules/esm/hooks:748:28)
[2026-10-05T11:40:21.433Z] at o (file:///home/ubuntu/gestao-suprimentos-logistica/node_modules/.pnpm/@tailwindcss+node@4.1.14/node_modules/@tailwindcss/node/dist/esm-cache.loader.mjs:1:69)
[2026-10-05T11:40:24.643Z] Error [ERR_MODULE_NOT_FOUND]: Cannot find module '/home/ubuntu/gestao-suprimentos-logistica/node_modules/.pnpm/vite@7.1.9_@types+node@24.7.0_jiti@2.6.1_lightningcss@1.30.1_tsx@4.20.6/node_modules/vite/dist/node/chunks/dep-CCSnTAeo.js' imported from /home/ubuntu/gestao-suprimentos-logistica/node_modules/.pnpm/vite@7.1.9_@types+node@24.7.0_jiti@2.6.1_lightningcss@1.30.1_tsx@4.20.6/node_modules/vite/dist/node/chunks/dep-Chhhsdoe.js
[2026-10-05T11:40:24.643Z] at finalizeResolution (node:internal/modules/esm/resolve:275:11)
[2026-10-05T11:40:24.643Z] at moduleResolve (node:internal/modules/esm/resolve:932:10)
[2026-10-05T11:40:24.643Z] at defaultResolve (node:internal/modules/esm/resolve:1056:11)
[2026-10-05T11:40:24.643Z] at nextResolve (node:internal/modules/esm/hooks:748:28)
[2026-10-05T11:40:24.643Z] at resolveBase (file:///home/ubuntu/gestao-suprimentos-logistica/node_modules/.pnpm/tsx@4.20.6/node_modules/tsx/dist/esm/index.mjs?1791199828088:2:3744)
[2026-10-05T11:40:24.643Z] at resolveDirectory (file:///home/ubuntu/gestao-suprimentos-logistica/node_modules/.pnpm/tsx@4.20.6/node_modules/tsx/dist/esm/index.mjs?1791199828088:2:4243)
[2026-10-05T11:40:24.643Z] at resolveTsPaths (file:///home/ubuntu/gestao-suprimentos-logistica/node_modules/.pnpm/tsx@4.20.6/node_modules/tsx/dist/esm/index.mjs?1791199828088:2:4984)
[2026-10-05T11:40:24.643Z] at resolve (file:///home/ubuntu/gestao-suprimentos-logistica/node_modules/.pnpm/tsx@4.20.6/node_modules/tsx/dist/esm/index.mjs?1791199828088:2:5361)
[2026-10-05T11:40:24.643Z] at nextResolve (node:internal/modules/esm/hooks:748:28)
[2026-10-05T11:40:24.643Z] at o (file:///home/ubuntu/gestao-suprimentos-logistica/node_modules/.pnpm/@tailwindcss+node@4.1.14/node_modules/@tailwindcss/node/dist/esm-cache.loader.mjs:1:69)
[2026-10-05T11:40:27.859Z] Error [ERR_MODULE_NOT_FOUND]: Cannot find module '/home/ubuntu/gestao-suprimentos-logistica/node_modules/.pnpm/vite@7.1.9_@types+node@24.7.0_jiti@2.6.1_lightningcss@1.30.1_tsx@4.20.6/node_modules/vite/dist/node/chunks/dep-CCSnTAeo.js' imported from /home/ubuntu/gestao-suprimentos-logistica/node_modules/.pnpm/vite@7.1.9_@types+node@24.7.0_jiti@2.6.1_lightningcss@1.30.1_tsx@4.20.6/node_modules/vite/dist/node/chunks/dep-Chhhsdoe.js
[2026-10-05T11:40:27.859Z] at finalizeResolution (node:internal/modules/esm/resolve:275:11)
[2026-10-05T11:40:27.859Z] at moduleResolve (node:internal/modules/esm/resolve:932:10)
[2026-10-05T11:40:27.859Z] at defaultResolve (node:internal/modules/esm/resolve:1056:11)
[2026-10-05T11:40:27.859Z] at nextResolve (node:internal/modules/esm/hooks:748:28)
[2026-10-05T11:40:27.859Z] at resolveBase (file:///home/ubuntu/gestao-suprimentos-logistica/node_modules/.pnpm/tsx@4.20.6/node_modules/tsx/dist/esm/index.mjs?1791199828088:2:3744)
[2026-10-05T11:40:27.859Z] at resolveDirectory (file:///home/ubuntu/gestao-suprimentos-logistica/node_modules/.pnpm/tsx@4.20.6/node_modules/tsx/dist/esm/index.mjs?1791199828088:2:4243)
[2026-10-05T11:40:27.859Z] at resolveTsPaths (file:///home/ubuntu/gestao-suprimentos-logistica/node_modules/.pnpm/tsx@4.20.6/node_modules/tsx/dist/esm/index.mjs?1791199828088:2:4984)
[2026-10-05T11:40:27.859Z] at resolve (file:///home/ubuntu/gestao-suprimentos-logistica/node_modules/.pnpm/tsx@4.20.6/node_modules/tsx/dist/esm/index.mjs?1791199828088:2:5361)
[2026-10-05T11:40:27.859Z] at nextResolve (node:internal/modules/esm/hooks:748:28)
[2026-10-05T11:40:27.859Z] at o (file:///home/ubuntu/gestao-suprimentos-logistica/node_modules/.pnpm/@tailwindcss+node@4.1.14/node_modules/@tailwindcss/node/dist/esm-cache.loader.mjs:1:69)
[2026-10-05T11:40:31.067Z] Error [ERR_MODULE_NOT_FOUND]: Cannot find module '/home/ubuntu/gestao-suprimentos-logistica/node_modules/.pnpm/vite@7.1.9_@types+node@24.7.0_jiti@2.6.1_lightningcss@1.30.1_tsx@4.20.6/node_modules/vite/dist/node/chunks/dep-CCSnTAeo.js' imported from /home/ubuntu/gestao-suprimentos-logistica/node_modules/.pnpm/vite@7.1.9_@types+node@24.7.0_jiti@2.6.1_lightningcss@1.30.1_tsx@4.20.6/node_modules/vite/dist/node/chunks/dep-Chhhsdoe.js
[2026-10-05T11:40:31.067Z] at finalizeResolution (node:internal/modules/esm/resolve:275:11)
[2026-10-05T11:40:31.067Z] at moduleResolve (node:internal/modules/esm/resolve:932:10)
[2026-10-05T11:40:31.067Z] at defaultResolve (node:internal/modules/esm/resolve:1056:11)
[2026-10-05T11:40:31.067Z] at nextResolve (node:internal/modules/esm/hooks:748:28)
[2026-10-05T11:40:31.067Z] at resolveBase (file:///home/ubuntu/gestao-suprimentos-logistica/node_modules/.pnpm/tsx@4.20.6/node_modules/tsx/dist/esm/index.mjs?1791199828088:2:3744)
[2026-10-05T11:40:31.067Z] at resolveDirectory (file:///home/ubuntu/gestao-suprimentos-logistica/node_modules/.pnpm/tsx@4.20.6/node_modules/tsx/dist/esm/index.mjs?1791199828088:2:4243)
[2026-10-05T11:40:31.067Z] at resolveTsPaths (file:///home/ubuntu/gestao-suprimentos-logistica/node_modules/.pnpm/tsx@4.20.6/node_modules/tsx/dist/esm/index.mjs?1791199828088:2:4984)
[2026-10-05T11:40:31.067Z] at resolve (file:///home/ubuntu/gestao-suprimentos-logistica/node_modules/.pnpm/tsx@4.20.6/node_modules/tsx/dist/esm/index.mjs?1791199828088:2:5361)
[2026-10-05T11:40:31.067Z] at nextResolve (node:internal/modules/esm/hooks:748:28)
[2026-10-05T11:40:31.067Z] at o (file:///home/ubuntu/gestao-suprimentos-logistica/node_modules/.pnpm/@tailwindcss+node@4.1.14/node_modules/@tailwindcss/node/dist/esm-cache.loader.mjs:1:69)
[2026-10-05T11:40:34.271Z] Error [ERR_MODULE_NOT_FOUND]: Cannot find module '/home/ubuntu/gestao-suprimentos-logistica/node_modules/.pnpm/vite@7.1.9_@types+node@24.7.0_jiti@2.6.1_lightningcss@1.30.1_tsx@4.20.6/node_modules/vite/dist/node/chunks/dep-CCSnTAeo.js' imported from /home/ubuntu/gestao-suprimentos-logistica/node_modules/.pnpm/vite@7.1.9_@types+node@24.7.0_jiti@2.6.1_lightningcss@1.30.1_tsx@4.20.6/node_modules/vite/dist/node/chunks/dep-Chhhsdoe.js
[2026-10-05T11:40:34.271Z] at finalizeResolution (node:internal/modules/esm/resolve:275:11)
[2026-10-05T11:40:34.271Z] at moduleResolve (node:internal/modules/esm/resolve:932:10)
[2026-10-05T11:40:34.271Z] at defaultResolve (node:internal/modules/esm/resolve:1056:11)
[2026-10-05T11:40:34.271Z] at nextResolve (node:internal/modules/esm/hooks:748:28)
[2026-10-05T11:40:34.271Z] at resolveBase (file:///home/ubuntu/gestao-suprimentos-logistica/node_modules/.pnpm/tsx@4.20.6/node_modules/tsx/dist/esm/index.mjs?1791199828088:2:3744)
[2026-10-05T11:40:34.271Z] at resolveDirectory (file:///home/ubuntu/gestao-suprimentos-logistica/node_modules/.pnpm/tsx@4.20.6/node_modules/tsx/dist/esm/index.mjs?1791199828088:2:4243)
[2026-10-05T11:40:34.271Z] at resolveTsPaths (file:///home/ubuntu/gestao-suprimentos-logistica/node_modules/.pnpm/tsx@4.20.6/node_modules/tsx/dist/esm/index.mjs?1791199828088:2:4984)
[2026-10-05T11:40:34.271Z] at resolve (file:///home/ubuntu/gestao-suprimentos-logistica/node_modules/.pnpm/tsx@4.20.6/node_modules/tsx/dist/esm/index.mjs?1791199828088:2:5361)
[2026-10-05T11:40:34.271Z] at nextResolve (node:internal/modules/esm/hooks:748:28)
[2026-10-05T11:40:34.271Z] at o (file:///home/ubuntu/gestao-suprimentos-logistica/node_modules/.pnpm/@tailwindcss+node@4.1.14/node_modules/@tailwindcss/node/dist/esm-cache.loader.mjs:1:69)
[2026-10-05T11:40:37.481Z] Error [ERR_MODULE_NOT_FOUND]: Cannot find module '/home/ubuntu/gestao-suprimentos-logistica/node_modules/.pnpm/vite@7.1.9_@types+node@24.7.0_jiti@2.6.1_lightningcss@1.30.1_tsx@4.20.6/node_modules/vite/dist/node/chunks/dep-CCSnTAeo.js' imported from /home/ubuntu/gestao-suprimentos-logistica/node_modules/.pnpm/vite@7.1.9_@types+node@24.7.0_jiti@2.6.1_lightningcss@1.30.1_tsx@4.20.6/node_modules/vite/dist/node/chunks/dep-Chhhsdoe.js
[2026-10-05T11:40:37.481Z] at finalizeResolution (node:internal/modules/esm/resolve:275:11)
[2026-10-05T11:40:37.481Z] at moduleResolve (node:internal/modules/esm/resolve:932:10)
[2026-10-05T11:40:37.481Z] at defaultResolve (node:internal/modules/esm/resolve:1056:11)
[2026-10-05T11:40:37.481Z] at nextResolve (node:internal/modules/esm/hooks:748:28)
[2026-10-05T11:40:37.481Z] at resolveBase (file:///home/ubuntu/gestao-suprimentos-logistica/node_modules/.pnpm/tsx@4.20.6/node_modules/tsx/dist/esm/index.mjs?1791199828088:2:3744)
[2026-10-05T11:40:37.481Z] at resolveDirectory (file:///home/ubuntu/gestao-suprimentos-logistica/node_modules/.pnpm/tsx@4.20.6/node_modules/tsx/dist/esm/index.mjs?1791199828088:2:4243)
[2026-10-05T11:40:37.481Z] at resolveTsPaths (file:///home/ubuntu/gestao-suprimentos-logistica/node_modules/.pnpm/tsx@4.20.6/node_modules/tsx/dist/esm/index.mjs?1791199828088:2:4984)
[2026-10-05T11:40:37.481Z] at resolve (file:///home/ubuntu/gestao-suprimentos-logistica/node_modules/.pnpm/tsx@4.20.6/node_modules/tsx/dist/esm/index.mjs?1791199828088:2:5361)
[2026-10-05T11:40:37.481Z] at nextResolve (node:internal/modules/esm/hooks:748:28)
[2026-10-05T11:40:37.481Z] at o (file:///home/ubuntu/gestao-suprimentos-logistica/node_modules/.pnpm/@tailwindcss+node@4.1.14/node_modules/@tailwindcss/node/dist/esm-cache.loader.mjs:1:69)
[2026-10-05T11:40:40.725Z] Error [ERR_MODULE_NOT_FOUND]: Cannot find module '/home/ubuntu/gestao-suprimentos-logistica/node_modules/.pnpm/vite@7.1.9_@types+node@24.7.0_jiti@2.6.1_lightningcss@1.30.1_tsx@4.20.6/node_modules/vite/dist/node/chunks/dep-CCSnTAeo.js' imported from /home/ubuntu/gestao-suprimentos-logistica/node_modules/.pnpm/vite@7.1.9_@types+node@24.7.0_jiti@2.6.1_lightningcss@1.30.1_tsx@4.20.6/node_modules/vite/dist/node/chunks/dep-Chhhsdoe.js
[2026-10-05T11:40:40.725Z] at finalizeResolution (node:internal/modules/esm/resolve:275:11)
[2026-10-05T11:40:40.725Z] at moduleResolve (node:internal/modules/esm/resolve:932:10)
[2026-10-05T11:40:40.725Z] at defaultResolve (node:internal/modules/esm/resolve:1056:11)
[2026-10-05T11:40:40.725Z] at nextResolve (node:internal/modules/esm/hooks:748:28)
[2026-10-05T11:40:40.725Z] at resolveBase (file:///home/ubuntu/gestao-suprimentos-logistica/node_modules/.pnpm/tsx@4.20.6/node_modules/tsx/dist/esm/index.mjs?1791199828088:2:3744)
[2026-10-05T11:40:40.725Z] at resolveDirectory (file:///home/ubuntu/gestao-suprimentos-logistica/node_modules/.pnpm/tsx@4.20.6/node_modules/tsx/dist/esm/index.mjs?1791199828088:2:4243)
[2026-10-05T11:40:40.725Z] at resolveTsPaths (file:///home/ubuntu/gestao-suprimentos-logistica/node_modules/.pnpm/tsx@4.20.6/node_modules/tsx/dist/esm/index.mjs?1791199828088:2:4984)
[2026-10-05T11:40:40.725Z] at resolve (file:///home/ubuntu/gestao-suprimentos-logistica/node_modules/.pnpm/tsx@4.20.6/node_modules/tsx/dist/esm/index.mjs?1791199828088:2:5361)
[2026-10-05T11:40:40.725Z] at nextResolve (node:internal/modules/esm/hooks:748:28)
[2026-10-05T11:40:40.725Z] at o (file:///home/ubuntu/gestao-suprimentos-logistica/node_modules/.pnpm/@tailwindcss+node@4.1.14/node_modules/@tailwindcss/node/dist/esm-cache.loader.mjs:1:69)
[2026-10-05T11:40:44.162Z] Error [ERR_MODULE_NOT_FOUND]: Cannot find module '/home/ubuntu/gestao-suprimentos-logistica/node_modules/.pnpm/vite@7.1.9_@types+node@24.7.0_jiti@2.6.1_lightningcss@1.30.1_tsx@4.20.6/node_modules/vite/dist/node/chunks/dep-CCSnTAeo.js' imported from /home/ubuntu/gestao-suprimentos-logistica/node_modules/.pnpm/vite@7.1.9_@types+node@24.7.0_jiti@2.6.1_lightningcss@1.30.1_tsx@4.20.6/node_modules/vite/dist/node/chunks/dep-Chhhsdoe.js
[2026-10-05T11:40:44.162Z] at finalizeResolution (node:internal/modules/esm/resolve:275:11)
[2026-10-05T11:40:44.162Z] at moduleResolve (node:internal/modules/esm/resolve:932:10)
[2026-10-05T11:40:44.162Z] at defaultResolve (node:internal/modules/esm/resolve:1056:11)
[2026-10-05T11:40:44.162Z] at nextResolve (node:internal/modules/esm/hooks:748:28)
[2026-10-05T11:40:44.162Z] at resolveBase (file:///home/ubuntu/gestao-suprimentos-logistica/node_modules/.pnpm/tsx@4.20.6/node_modules/tsx/dist/esm/index.mjs?1791199828088:2:3744)
[2026-10-05T11:40:44.162Z] at resolveDirectory (file:///home/ubuntu/gestao-suprimentos-logistica/node_modules/.pnpm/tsx@4.20.6/node_modules/tsx/dist/esm/index.mjs?1791199828088:2:4243)
[2026-10-05T11:40:44.162Z] at resolveTsPaths (file:///home/ubuntu/gestao-suprimentos-logistica/node_modules/.pnpm/tsx@4.20.6/node_modules/tsx/dist/esm/index.mjs?1791199828088:2:4984)
[2026-10-05T11:40:44.162Z] at resolve (file:///home/ubuntu/gestao-suprimentos-logistica/node_modules/.pnpm/tsx@4.20.6/node_modules/tsx/dist/esm/index.mjs?1791199828088:2:5361)
[2026-10-05T11:40:44.162Z] at nextResolve (node:internal/modules/esm/hooks:748:28)
[2026-10-05T11:40:44.162Z] at o (file:///home/ubuntu/gestao-suprimentos-logistica/node_modules/.pnpm/@tailwindcss+node@4.1.14/node_modules/@tailwindcss/node/dist/esm-cache.loader.mjs:1:69)
[2026-10-05T11:40:47.359Z] Error [ERR_MODULE_NOT_FOUND]: Cannot find module '/home/ubuntu/gestao-suprimentos-logistica/node_modules/.pnpm/vite@7.1.9_@types+node@24.7.0_jiti@2.6.1_lightningcss@1.30.1_tsx@4.20.6/node_modules/vite/dist/node/chunks/dep-CCSnTAeo.js' imported from /home/ubuntu/gestao-suprimentos-logistica/node_modules/.pnpm/vite@7.1.9_@types+node@24.7.0_jiti@2.6.1_lightningcss@1.30.1_tsx@4.20.6/node_modules/vite/dist/node/chunks/dep-Chhhsdoe.js
[2026-10-05T11:40:47.359Z] at finalizeResolution (node:internal/modules/esm/resolve:275:11)
[2026-10-05T11:40:47.359Z] at moduleResolve (node:internal/modules/esm/resolve:932:10)
[2026-10-05T11:40:47.359Z] at defaultResolve (node:internal/modules/esm/resolve:1056:11)
[2026-10-05T11:40:47.359Z] at nextResolve (node:internal/modules/esm/hooks:748:28)
[2026-10-05T11:40:47.359Z] at resolveBase (file:///home/ubuntu/gestao-suprimentos-logistica/node_modules/.pnpm/tsx@4.20.6/node_modules/tsx/dist/esm/index.mjs?1791199828088:2:3744)
[2026-10-05T11:40:47.359Z] at resolveDirectory (file:///home/ubuntu/gestao-suprimentos-logistica/node_modules/.pnpm/tsx@4.20.6/node_modules/tsx/dist/esm/index.mjs?1791199828088:2:4243)
[2026-10-05T11:40:47.359Z] at resolveTsPaths (file:///home/ubuntu/gestao-suprimentos-logistica/node_modules/.pnpm/tsx@4.20.6/node_modules/tsx/dist/esm/index.mjs?1791199828088:2:4984)
[2026-10-05T11:40:47.359Z] at resolve (file:///home/ubuntu/gestao-suprimentos-logistica/node_modules/.pnpm/tsx@4.20.6/node_modules/tsx/dist/esm/index.mjs?1791199828088:2:5361)
[2026-10-05T11:40:47.359Z] at nextResolve (node:internal/modules/esm/hooks:748:28)
[2026-10-05T11:40:47.359Z] at o (file:///home/ubuntu/gestao-suprimentos-logistica/node_modules/.pnpm/@tailwindcss+node@4.1.14/node_modules/@tailwindcss/node/dist/esm-cache.loader.mjs:1:69)
[2026-10-05T11:40:51.063Z] Error [ERR_MODULE_NOT_FOUND]: Cannot find module '/home/ubuntu/gestao-suprimentos-logistica/node_modules/.pnpm/vite@7.1.9_@types+node@24.7.0_jiti@2.6.1_lightningcss@1.30.1_tsx@4.20.6/node_modules/vite/dist/node/chunks/dep-CCSnTAeo.js' imported from /home/ubuntu/gestao-suprimentos-logistica/node_modules/.pnpm/vite@7.1.9_@types+node@24.7.0_jiti@2.6.1_lightningcss@1.30.1_tsx@4.20.6/node_modules/vite/dist/node/chunks/dep-Chhhsdoe.js
[2026-10-05T11:40:51.063Z] at finalizeResolution (node:internal/modules/esm/resolve:275:11)
[2026-10-05T11:40:51.063Z] at moduleResolve (node:internal/modules/esm/resolve:932:10)
[2026-10-05T11:40:51.063Z] at defaultResolve (node:internal/modules/esm/resolve:1056:11)
[2026-10-05T11:40:51.063Z] at nextResolve (node:internal/modules/esm/hooks:748:28)
[2026-10-05T11:40:51.063Z] at resolveBase (file:///home/ubuntu/gestao-suprimentos-logistica/node_modules/.pnpm/tsx@4.20.6/node_modules/tsx/dist/esm/index.mjs?1791199828088:2:3744)
[2026-10-05T11:40:51.063Z] at resolveDirectory (file:///home/ubuntu/gestao-suprimentos-logistica/node_modules/.pnpm/tsx@4.20.6/node_modules/tsx/dist/esm/index.mjs?1791199828088:2:4243)
[2026-10-05T11:40:51.063Z] at resolveTsPaths (file:///home/ubuntu/gestao-suprimentos-logistica/node_modules/.pnpm/tsx@4.20.6/node_modules/tsx/dist/esm/index.mjs?1791199828088:2:4984)
[2026-10-05T11:40:51.063Z] at resolve (file:///home/ubuntu/gestao-suprimentos-logistica/node_modules/.pnpm/tsx@4.20.6/node_modules/tsx/dist/esm/index.mjs?1791199828088:2:5361)
[2026-10-05T11:40:51.063Z] at nextResolve (node:internal/modules/esm/hooks:748:28)
[2026-10-05T11:40:51.063Z] at o (file:///home/ubuntu/gestao-suprimentos-logistica/node_modules/.pnpm/@tailwindcss+node@4.1.14/node_modules/@tailwindcss/node/dist/esm-cache.loader.mjs:1:69)
[2026-10-05T11:40:54.261Z] Error [ERR_MODULE_NOT_FOUND]: Cannot find module '/home/ubuntu/gestao-suprimentos-logistica/node_modules/.pnpm/vite@7.1.9_@types+node@24.7.0_jiti@2.6.1_lightningcss@1.30.1_tsx@4.20.6/node_modules/vite/dist/node/chunks/dep-CCSnTAeo.js' imported from /home/ubuntu/gestao-suprimentos-logistica/node_modules/.pnpm/vite@7.1.9_@types+node@24.7.0_jiti@2.6.1_lightningcss@1.30.1_tsx@4.20.6/node_modules/vite/dist/node/chunks/dep-Chhhsdoe.js
[2026-10-05T11:40:54.261Z] at finalizeResolution (node:internal/modules/esm/resolve:275:11)
[2026-10-05T11:40:54.261Z] at moduleResolve (node:internal/modules/esm/resolve:932:10)
[2026-10-05T11:40:54.261Z] at defaultResolve (node:internal/modules/esm/resolve:1056:11)
[2026-10-05T11:40:54.261Z] at nextResolve (node:internal/modules/esm/hooks:748:28)
[2026-10-05T11:40:54.261Z] at resolveBase (file:///home/ubuntu/gestao-suprimentos-logistica/node_modules/.pnpm/tsx@4.20.6/node_modules/tsx/dist/esm/index.mjs?1791199828088:2:3744)
[2026-10-05T11:40:54.261Z] at resolveDirectory (file:///home/ubuntu/gestao-suprimentos-logistica/node_modules/.pnpm/tsx@4.20.6/node_modules/tsx/dist/esm/index.mjs?1791199828088:2:4243)
[2026-10-05T11:40:54.261Z] at resolveTsPaths (file:///home/ubuntu/gestao-suprimentos-logistica/node_modules/.pnpm/tsx@4.20.6/node_modules/tsx/dist/esm/index.mjs?1791199828088:2:4984)
[2026-10-05T11:40:54.261Z] at resolve (file:///home/ubuntu/gestao-suprimentos-logistica/node_modules/.pnpm/tsx@4.20.6/node_modules/tsx/dist/esm/index.mjs?1791199828088:2:5361)
[2026-10-05T11:40:54.261Z] at nextResolve (node:internal/modules/esm/hooks:748:28)
[2026-10-05T11:40:54.261Z] at o (file:///home/ubuntu/gestao-suprimentos-logistica/node_modules/.pnpm/@tailwindcss+node@4.1.14/node_modules/@tailwindcss/node/dist/esm-cache.loader.mjs:1:69)
[2026-10-05T11:40:57.466Z] Error [ERR_MODULE_NOT_FOUND]: Cannot find module '/home/ubuntu/gestao-suprimentos-logistica/node_modules/.pnpm/vite@7.1.9_@types+node@24.7.0_jiti@2.6.1_lightningcss@1.30.1_tsx@4.20.6/node_modules/vite/dist/node/chunks/dep-CCSnTAeo.js' imported from /home/ubuntu/gestao-suprimentos-logistica/node_modules/.pnpm/vite@7.1.9_@types+node@24.7.0_jiti@2.6.1_lightningcss@1.30.1_tsx@4.20.6/node_modules/vite/dist/node/chunks/dep-Chhhsdoe.js
[2026-10-05T11:40:57.466Z] at finalizeResolution (node:internal/modules/esm/resolve:275:11)
[2026-10-05T11:40:57.466Z] at moduleResolve (node:internal/modules/esm/resolve:932:10)
[2026-10-05T11:40:57.466Z] at defaultResolve (node:internal/modules/esm/resolve:1056:11)
[2026-10-05T11:40:57.466Z] at nextResolve (node:internal/modules/esm/hooks:748:28)
[2026-10-05T11:40:57.466Z] at resolveBase (file:///home/ubuntu/gestao-suprimentos-logistica/node_modules/.pnpm/tsx@4.20.6/node_modules/tsx/dist/esm/index.mjs?1791199828088:2:3744)
[2026-10-05T11:40:57.466Z] at resolveDirectory (file:///home/ubuntu/gestao-suprimentos-logistica/node_modules/.pnpm/tsx@4.20.6/node_modules/tsx/dist/esm/index.mjs?1791199828088:2:4243)
[2026-10-05T11:40:57.466Z] at resolveTsPaths (file:///home/ubuntu/gestao-suprimentos-logistica/node_modules/.pnpm/tsx@4.20.6/node_modules/tsx/dist/esm/index.mjs?1791199828088:2:4984)
[2026-10-05T11:40:57.466Z] at resolve (file:///home/ubuntu/gestao-suprimentos-logistica/node_modules/.pnpm/tsx@4.20.6/node_modules/tsx/dist/esm/index.mjs?1791199828088:2:5361)
[2026-10-05T11:40:57.466Z] at nextResolve (node:internal/modules/esm/hooks:748:28)
[2026-10-05T11:40:57.466Z] at o (file:///home/ubuntu/gestao-suprimentos-logistica/node_modules/.pnpm/@tailwindcss+node@4.1.14/node_modules/@tailwindcss/node/dist/esm-cache.loader.mjs:1:69)
[2026-10-05T11:41:01.209Z] Error [ERR_MODULE_NOT_FOUND]: Cannot find module '/home/ubuntu/gestao-suprimentos-logistica/node_modules/.pnpm/vite@7.1.9_@types+node@24.7.0_jiti@2.6.1_lightningcss@1.30.1_tsx@4.20.6/node_modules/vite/dist/node/chunks/dep-CCSnTAeo.js' imported from /home/ubuntu/gestao-suprimentos-logistica/node_modules/.pnpm/vite@7.1.9_@types+node@24.7.0_jiti@2.6.1_lightningcss@1.30.1_tsx@4.20.6/node_modules/vite/dist/node/chunks/dep-Chhhsdoe.js
[2026-10-05T11:41:01.209Z] at finalizeResolution (node:internal/modules/esm/resolve:275:11)
[2026-10-05T11:41:01.209Z] at moduleResolve (node:internal/modules/esm/resolve:932:10)
[2026-10-05T11:41:01.209Z] at defaultResolve (node:internal/modules/esm/resolve:1056:11)
[2026-10-05T11:41:01.209Z] at nextResolve (node:internal/modules/esm/hooks:748:28)
[2026-10-05T11:41:01.209Z] at resolveBase (file:///home/ubuntu/gestao-suprimentos-logistica/node_modules/.pnpm/tsx@4.20.6/node_modules/tsx/dist/esm/index.mjs?1791199828088:2:3744)
[2026-10-05T11:41:01.209Z] at resolveDirectory (file:///home/ubuntu/gestao-suprimentos-logistica/node_modules/.pnpm/tsx@4.20.6/node_modules/tsx/dist/esm/index.mjs?1791199828088:2:4243)
[2026-10-05T11:41:01.209Z] at resolveTsPaths (file:///home/ubuntu/gestao-suprimentos-logistica/node_modules/.pnpm/tsx@4.20.6/node_modules/tsx/dist/esm/index.mjs?1791199828088:2:4984)
[2026-10-05T11:41:01.209Z] at resolve (file:///home/ubuntu/gestao-suprimentos-logistica/node_modules/.pnpm/tsx@4.20.6/node_modules/tsx/dist/esm/index.mjs?1791199828088:2:5361)
[2026-10-05T11:41:01.209Z] at nextResolve (node:internal/modules/esm/hooks:748:28)
[2026-10-05T11:41:01.209Z] at o (file:///home/ubuntu/gestao-suprimentos-logistica/node_modules/.pnpm/@tailwindcss+node@4.1.14/node_modules/@tailwindcss/node/dist/esm-cache.loader.mjs:1:69)
[2026-10-05T11:41:04.421Z] Error [ERR_MODULE_NOT_FOUND]: Cannot find module '/home/ubuntu/gestao-suprimentos-logistica/node_modules/.pnpm/vite@7.1.9_@types+node@24.7.0_jiti@2.6.1_lightningcss@1.30.1_tsx@4.20.6/node_modules/vite/dist/node/chunks/dep-CCSnTAeo.js' imported from /home/ubuntu/gestao-suprimentos-logistica/node_modules/.pnpm/vite@7.1.9_@types+node@24.7.0_jiti@2.6.1_lightningcss@1.30.1_tsx@4.20.6/node_modules/vite/dist/node/chunks/dep-Chhhsdoe.js
[2026-10-05T11:41:04.421Z] at finalizeResolution (node:internal/modules/esm/resolve:275:11)
[2026-10-05T11:41:04.421Z] at moduleResolve (node:internal/modules/esm/resolve:932:10)
[2026-10-05T11:41:04.421Z] at defaultResolve (node:internal/modules/esm/resolve:1056:11)
[2026-10-05T11:41:04.421Z] at nextResolve (node:internal/modules/esm/hooks:748:28)
[2026-10-05T11:41:04.421Z] at resolveBase (file:///home/ubuntu/gestao-suprimentos-logistica/node_modules/.pnpm/tsx@4.20.6/node_modules/tsx/dist/esm/index.mjs?1791199828088:2:3744)
[2026-10-05T11:41:04.421Z] at resolveDirectory (file:///home/ubuntu/gestao-suprimentos-logistica/node_modules/.pnpm/tsx@4.20.6/node_modules/tsx/dist/esm/index.mjs?1791199828088:2:4243)
[2026-10-05T11:41:04.421Z] at resolveTsPaths (file:///home/ubuntu/gestao-suprimentos-logistica/node_modules/.pnpm/tsx@4.20.6/node_modules/tsx/dist/esm/index.mjs?1791199828088:2:4984)
[2026-10-05T11:41:04.421Z] at resolve (file:///home/ubuntu/gestao-suprimentos-logistica/node_modules/.pnpm/tsx@4.20.6/node_modules/tsx/dist/esm/index.mjs?1791199828088:2:5361)
[2026-10-05T11:41:04.421Z] at nextResolve (node:internal/modules/esm/hooks:748:28)
[2026-10-05T11:41:04.421Z] at o (file:///home/ubuntu/gestao-suprimentos-logistica/node_modules/.pnpm/@tailwindcss+node@4.1.14/node_modules/@tailwindcss/node/dist/esm-cache.loader.mjs:1:69)
[2026-10-05T11:41:07.603Z] Error [ERR_MODULE_NOT_FOUND]: Cannot find module '/home/ubuntu/gestao-suprimentos-logistica/node_modules/.pnpm/vite@7.1.9_@types+node@24.7.0_jiti@2.6.1_lightningcss@1.30.1_tsx@4.20.6/node_modules/vite/dist/node/chunks/dep-CCSnTAeo.js' imported from /home/ubuntu/gestao-suprimentos-logistica/node_modules/.pnpm/vite@7.1.9_@types+node@24.7.0_jiti@2.6.1_lightningcss@1.30.1_tsx@4.20.6/node_modules/vite/dist/node/chunks/dep-Chhhsdoe.js
[2026-10-05T11:41:07.603Z] at finalizeResolution (node:internal/modules/esm/resolve:275:11)
[2026-10-05T11:41:07.604Z] at moduleResolve (node:internal/modules/esm/resolve:932:10)
[2026-10-05T11:41:07.604Z] at defaultResolve (node:internal/modules/esm/resolve:1056:11)
[2026-10-05T11:41:07.604Z] at nextResolve (node:internal/modules/esm/hooks:748:28)
[2026-10-05T11:41:07.604Z] at resolveBase (file:///home/ubuntu/gestao-suprimentos-logistica/node_modules/.pnpm/tsx@4.20.6/node_modules/tsx/dist/esm/index.mjs?1791199828088:2:3744)
[2026-10-05T11:41:07.604Z] at resolveDirectory (file:///home/ubuntu/gestao-suprimentos-logistica/node_modules/.pnpm/tsx@4.20.6/node_modules/tsx/dist/esm/index.mjs?1791199828088:2:4243)
[2026-10-05T11:41:07.604Z] at resolveTsPaths (file:///home/ubuntu/gestao-suprimentos-logistica/node_modules/.pnpm/tsx@4.20.6/node_modules/tsx/dist/esm/index.mjs?1791199828088:2:4984)
[2026-10-05T11:41:07.604Z] at resolve (file:///home/ubuntu/gestao-suprimentos-logistica/node_modules/.pnpm/tsx@4.20.6/node_modules/tsx/dist/esm/index.mjs?1791199828088:2:5361)
[2026-10-05T11:41:07.604Z] at nextResolve (node:internal/modules/esm/hooks:748:28)
[2026-10-05T11:41:07.604Z] at o (file:///home/ubuntu/gestao-suprimentos-logistica/node_modules/.pnpm/@tailwindcss+node@4.1.14/node_modules/@tailwindcss/node/dist/esm-cache.loader.mjs:1:69)
[2026-10-05T11:41:10.817Z] Error [ERR_MODULE_NOT_FOUND]: Cannot find module '/home/ubuntu/gestao-suprimentos-logistica/node_modules/.pnpm/vite@7.1.9_@types+node@24.7.0_jiti@2.6.1_lightningcss@1.30.1_tsx@4.20.6/node_modules/vite/dist/node/chunks/dep-CCSnTAeo.js' imported from /home/ubuntu/gestao-suprimentos-logistica/node_modules/.pnpm/vite@7.1.9_@types+node@24.7.0_jiti@2.6.1_lightningcss@1.30.1_tsx@4.20.6/node_modules/vite/dist/node/chunks/dep-Chhhsdoe.js
[2026-10-05T11:41:10.818Z] at finalizeResolution (node:internal/modules/esm/resolve:275:11)
[2026-10-05T11:41:10.818Z] at moduleResolve (node:internal/modules/esm/resolve:932:10)
[2026-10-05T11:41:10.818Z] at defaultResolve (node:internal/modules/esm/resolve:1056:11)
[2026-10-05T11:41:10.818Z] at nextResolve (node:internal/modules/esm/hooks:748:28)
[2026-10-05T11:41:10.818Z] at resolveBase (file:///home/ubuntu/gestao-suprimentos-logistica/node_modules/.pnpm/tsx@4.20.6/node_modules/tsx/dist/esm/index.mjs?1791199828088:2:3744)
[2026-10-05T11:41:10.818Z] at resolveDirectory (file:///home/ubuntu/gestao-suprimentos-logistica/node_modules/.pnpm/tsx@4.20.6/node_modules/tsx/dist/esm/index.mjs?1791199828088:2:4243)
[2026-10-05T11:41:10.818Z] at resolveTsPaths (file:///home/ubuntu/gestao-suprimentos-logistica/node_modules/.pnpm/tsx@4.20.6/node_modules/tsx/dist/esm/index.mjs?1791199828088:2:4984)
[2026-10-05T11:41:10.818Z] at resolve (file:///home/ubuntu/gestao-suprimentos-logistica/node_modules/.pnpm/tsx@4.20.6/node_modules/tsx/dist/esm/index.mjs?1791199828088:2:5361)
[2026-10-05T11:41:10.818Z] at nextResolve (node:internal/modules/esm/hooks:748:28)
[2026-10-05T11:41:10.818Z] at o (file:///home/ubuntu/gestao-suprimentos-logistica/node_modules/.pnpm/@tailwindcss+node@4.1.14/node_modules/@tailwindcss/node/dist/esm-cache.loader.mjs:1:69)
[2026-10-05T11:41:14.013Z] Error [ERR_MODULE_NOT_FOUND]: Cannot find module '/home/ubuntu/gestao-suprimentos-logistica/node_modules/.pnpm/vite@7.1.9_@types+node@24.7.0_jiti@2.6.1_lightningcss@1.30.1_tsx@4.20.6/node_modules/vite/dist/node/chunks/dep-CCSnTAeo.js' imported from /home/ubuntu/gestao-suprimentos-logistica/node_modules/.pnpm/vite@7.1.9_@types+node@24.7.0_jiti@2.6.1_lightningcss@1.30.1_tsx@4.20.6/node_modules/vite/dist/node/chunks/dep-Chhhsdoe.js
[2026-10-05T11:41:14.013Z] at finalizeResolution (node:internal/modules/esm/resolve:275:11)
[2026-10-05T11:41:14.013Z] at moduleResolve (node:internal/modules/esm/resolve:932:10)
[2026-10-05T11:41:14.013Z] at defaultResolve (node:internal/modules/esm/resolve:1056:11)
[2026-10-05T11:41:14.013Z] at nextResolve (node:internal/modules/esm/hooks:748:28)
[2026-10-05T11:41:14.013Z] at resolveBase (file:///home/ubuntu/gestao-suprimentos-logistica/node_modules/.pnpm/tsx@4.20.6/node_modules/tsx/dist/esm/index.mjs?1791199828088:2:3744)
[2026-10-05T11:41:14.014Z] at resolveDirectory (file:///home/ubuntu/gestao-suprimentos-logistica/node_modules/.pnpm/tsx@4.20.6/node_modules/tsx/dist/esm/index.mjs?1791199828088:2:4243)
[2026-10-05T11:41:14.014Z] at resolveTsPaths (file:///home/ubuntu/gestao-suprimentos-logistica/node_modules/.pnpm/tsx@4.20.6/node_modules/tsx/dist/esm/index.mjs?1791199828088:2:4984)
[2026-10-05T11:41:14.014Z] at resolve (file:///home/ubuntu/gestao-suprimentos-logistica/node_modules/.pnpm/tsx@4.20.6/node_modules/tsx/dist/esm/index.mjs?1791199828088:2:5361)
[2026-10-05T11:41:14.014Z] at nextResolve (node:internal/modules/esm/hooks:748:28)
[2026-10-05T11:41:14.014Z] at o (file:///home/ubuntu/gestao-suprimentos-logistica/node_modules/.pnpm/@tailwindcss+node@4.1.14/node_modules/@tailwindcss/node/dist/esm-cache.loader.mjs:1:69)
[2026-10-05T11:41:17.239Z] Error [ERR_MODULE_NOT_FOUND]: Cannot find module '/home/ubuntu/gestao-suprimentos-logistica/node_modules/.pnpm/vite@7.1.9_@types+node@24.7.0_jiti@2.6.1_lightningcss@1.30.1_tsx@4.20.6/node_modules/vite/dist/node/chunks/dep-CCSnTAeo.js' imported from /home/ubuntu/gestao-suprimentos-logistica/node_modules/.pnpm/vite@7.1.9_@types+node@24.7.0_jiti@2.6.1_lightningcss@1.30.1_tsx@4.20.6/node_modules/vite/dist/node/chunks/dep-Chhhsdoe.js
[2026-10-05T11:41:17.239Z] at finalizeResolution (node:internal/modules/esm/resolve:275:11)
[2026-10-05T11:41:17.239Z] at moduleResolve (node:internal/modules/esm/resolve:932:10)
[2026-10-05T11:41:17.239Z] at defaultResolve (node:internal/modules/esm/resolve:1056:11)
[2026-10-05T11:41:17.239Z] at nextResolve (node:internal/modules/esm/hooks:748:28)
[2026-10-05T11:41:17.239Z] at resolveBase (file:///home/ubuntu/gestao-suprimentos-logistica/node_modules/.pnpm/tsx@4.20.6/node_modules/tsx/dist/esm/index.mjs?1791199828088:2:3744)
[2026-10-05T11:41:17.239Z] at resolveDirectory (file:///home/ubuntu/gestao-suprimentos-logistica/node_modules/.pnpm/tsx@4.20.6/node_modules/tsx/dist/esm/index.mjs?1791199828088:2:4243)
[2026-10-05T11:41:17.239Z] at resolveTsPaths (file:///home/ubuntu/gestao-suprimentos-logistica/node_modules/.pnpm/tsx@4.20.6/node_modules/tsx/dist/esm/index.mjs?1791199828088:2:4984)
[2026-10-05T11:41:17.239Z] at resolve (file:///home/ubuntu/gestao-suprimentos-logistica/node_modules/.pnpm/tsx@4.20.6/node_modules/tsx/dist/esm/index.mjs?1791199828088:2:5361)
[2026-10-05T11:41:17.239Z] at nextResolve (node:internal/modules/esm/hooks:748:28)
[2026-10-05T11:41:17.239Z] at o (file:///home/ubuntu/gestao-suprimentos-logistica/node_modules/.pnpm/@tailwindcss+node@4.1.14/node_modules/@tailwindcss/node/dist/esm-cache.loader.mjs:1:69)
[2026-10-05T11:41:20.444Z] Error [ERR_MODULE_NOT_FOUND]: Cannot find module '/home/ubuntu/gestao-suprimentos-logistica/node_modules/.pnpm/vite@7.1.9_@types+node@24.7.0_jiti@2.6.1_lightningcss@1.30.1_tsx@4.20.6/node_modules/vite/dist/node/chunks/dep-CCSnTAeo.js' imported from /home/ubuntu/gestao-suprimentos-logistica/node_modules/.pnpm/vite@7.1.9_@types+node@24.7.0_jiti@2.6.1_lightningcss@1.30.1_tsx@4.20.6/node_modules/vite/dist/node/chunks/dep-Chhhsdoe.js
[2026-10-05T11:41:20.444Z] at finalizeResolution (node:internal/modules/esm/resolve:275:11)
[2026-10-05T11:41:20.444Z] at moduleResolve (node:internal/modules/esm/resolve:932:10)
[2026-10-05T11:41:20.444Z] at defaultResolve (node:internal/modules/esm/resolve:1056:11)
[2026-10-05T11:41:20.444Z] at nextResolve (node:internal/modules/esm/hooks:748:28)
[2026-10-05T11:41:20.444Z] at resolveBase (file:///home/ubuntu/gestao-suprimentos-logistica/node_modules/.pnpm/tsx@4.20.6/node_modules/tsx/dist/esm/index.mjs?1791199828088:2:3744)
[2026-10-05T11:41:20.444Z] at resolveDirectory (file:///home/ubuntu/gestao-suprimentos-logistica/node_modules/.pnpm/tsx@4.20.6/node_modules/tsx/dist/esm/index.mjs?1791199828088:2:4243)
[2026-10-05T11:41:20.444Z] at resolveTsPaths (file:///home/ubuntu/gestao-suprimentos-logistica/node_modules/.pnpm/tsx@4.20.6/node_modules/tsx/dist/esm/index.mjs?1791199828088:2:4984)
[2026-10-05T11:41:20.444Z] at resolve (file:///home/ubuntu/gestao-suprimentos-logistica/node_modules/.pnpm/tsx@4.20.6/node_modules/tsx/dist/esm/index.mjs?1791199828088:2:5361)
[2026-10-05T11:41:20.444Z] at nextResolve (node:internal/modules/esm/hooks:748:28)
[2026-10-05T11:41:20.444Z] at o (file:///home/ubuntu/gestao-suprimentos-logistica/node_modules/.pnpm/@tailwindcss+node@4.1.14/node_modules/@tailwindcss/node/dist/esm-cache.loader.mjs:1:69)
[2026-10-05T11:41:23.656Z] Error [ERR_MODULE_NOT_FOUND]: Cannot find module '/home/ubuntu/gestao-suprimentos-logistica/node_modules/.pnpm/vite@7.1.9_@types+node@24.7.0_jiti@2.6.1_lightningcss@1.30.1_tsx@4.20.6/node_modules/vite/dist/node/chunks/dep-CCSnTAeo.js' imported from /home/ubuntu/gestao-suprimentos-logistica/node_modules/.pnpm/vite@7.1.9_@types+node@24.7.0_jiti@2.6.1_lightningcss@1.30.1_tsx@4.20.6/node_modules/vite/dist/node/chunks/dep-Chhhsdoe.js
[2026-10-05T11:41:23.656Z] at finalizeResolution (node:internal/modules/esm/resolve:275:11)
[2026-10-05T11:41:23.656Z] at moduleResolve (node:internal/modules/esm/resolve:932:10)
[2026-10-05T11:41:23.656Z] at defaultResolve (node:internal/modules/esm/resolve:1056:11)
[2026-10-05T11:41:23.656Z] at nextResolve (node:internal/modules/esm/hooks:748:28)
[2026-10-05T11:41:23.656Z] at resolveBase (file:///home/ubuntu/gestao-suprimentos-logistica/node_modules/.pnpm/tsx@4.20.6/node_modules/tsx/dist/esm/index.mjs?1791199828088:2:3744)
[2026-10-05T11:41:23.656Z] at resolveDirectory (file:///home/ubuntu/gestao-suprimentos-logistica/node_modules/.pnpm/tsx@4.20.6/node_modules/tsx/dist/esm/index.mjs?1791199828088:2:4243)
[2026-10-05T11:41:23.656Z] at resolveTsPaths (file:///home/ubuntu/gestao-suprimentos-logistica/node_modules/.pnpm/tsx@4.20.6/node_modules/tsx/dist/esm/index.mjs?1791199828088:2:4984)
[2026-10-05T11:41:23.656Z] at resolve (file:///home/ubuntu/gestao-suprimentos-logistica/node_modules/.pnpm/tsx@4.20.6/node_modules/tsx/dist/esm/index.mjs?1791199828088:2:5361)
[2026-10-05T11:41:23.656Z] at nextResolve (node:internal/modules/esm/hooks:748:28)
[2026-10-05T11:41:23.656Z] at o (file:///home/ubuntu/gestao-suprimentos-logistica/node_modules/.pnpm/@tailwindcss+node@4.1.14/node_modules/@tailwindcss/node/dist/esm-cache.loader.mjs:1:69)
[2026-10-05T11:41:26.849Z] Error [ERR_MODULE_NOT_FOUND]: Cannot find module '/home/ubuntu/gestao-suprimentos-logistica/node_modules/.pnpm/vite@7.1.9_@types+node@24.7.0_jiti@2.6.1_lightningcss@1.30.1_tsx@4.20.6/node_modules/vite/dist/node/chunks/dep-CCSnTAeo.js' imported from /home/ubuntu/gestao-suprimentos-logistica/node_modules/.pnpm/vite@7.1.9_@types+node@24.7.0_jiti@2.6.1_lightningcss@1.30.1_tsx@4.20.6/node_modules/vite/dist/node/chunks/dep-Chhhsdoe.js
[2026-10-05T11:41:26.849Z] at finalizeResolution (node:internal/modules/esm/resolve:275:11)
[2026-10-05T11:41:26.849Z] at moduleResolve (node:internal/modules/esm/resolve:932:10)
[2026-10-05T11:41:26.849Z] at defaultResolve (node:internal/modules/esm/resolve:1056:11)
[2026-10-05T11:41:26.849Z] at nextResolve (node:internal/modules/esm/hooks:748:28)
[2026-10-05T11:41:26.849Z] at resolveBase (file:///home/ubuntu/gestao-suprimentos-logistica/node_modules/.pnpm/tsx@4.20.6/node_modules/tsx/dist/esm/index.mjs?1791199828088:2:3744)
[2026-10-05T11:41:26.849Z] at resolveDirectory (file:///home/ubuntu/gestao-suprimentos-logistica/node_modules/.pnpm/tsx@4.20.6/node_modules/tsx/dist/esm/index.mjs?1791199828088:2:4243)
[2026-10-05T11:41:26.849Z] at resolveTsPaths (file:///home/ubuntu/gestao-suprimentos-logistica/node_modules/.pnpm/tsx@4.20.6/node_modules/tsx/dist/esm/index.mjs?1791199828088:2:4984)
[2026-10-05T11:41:26.849Z] at resolve (file:///home/ubuntu/gestao-suprimentos-logistica/node_modules/.pnpm/tsx@4.20.6/node_modules/tsx/dist/esm/index.mjs?1791199828088:2:5361)
[2026-10-05T11:41:26.849Z] at nextResolve (node:internal/modules/esm/hooks:748:28)
[2026-10-05T11:41:26.849Z] at o (file:///home/ubuntu/gestao-suprimentos-logistica/node_modules/.pnpm/@tailwindcss+node@4.1.14/node_modules/@tailwindcss/node/dist/esm-cache.loader.mjs:1:69)
[2026-10-05T11:41:30.045Z] Error [ERR_MODULE_NOT_FOUND]: Cannot find module '/home/ubuntu/gestao-suprimentos-logistica/node_modules/.pnpm/vite@7.1.9_@types+node@24.7.0_jiti@2.6.1_lightningcss@1.30.1_tsx@4.20.6/node_modules/vite/dist/node/chunks/dep-CCSnTAeo.js' imported from /home/ubuntu/gestao-suprimentos-logistica/node_modules/.pnpm/vite@7.1.9_@types+node@24.7.0_jiti@2.6.1_lightningcss@1.30.1_tsx@4.20.6/node_modules/vite/dist/node/chunks/dep-Chhhsdoe.js
[2026-10-05T11:41:30.045Z] at finalizeResolution (node:internal/modules/esm/resolve:275:11)
[2026-10-05T11:41:30.045Z] at moduleResolve (node:internal/modules/esm/resolve:932:10)
[2026-10-05T11:41:30.045Z] at defaultResolve (node:internal/modules/esm/resolve:1056:11)
[2026-10-05T11:41:30.045Z] at nextResolve (node:internal/modules/esm/hooks:748:28)
[2026-10-05T11:41:30.045Z] at resolveBase (file:///home/ubuntu/gestao-suprimentos-logistica/node_modules/.pnpm/tsx@4.20.6/node_modules/tsx/dist/esm/index.mjs?1791199828088:2:3744)
[2026-10-05T11:41:30.045Z] at resolveDirectory (file:///home/ubuntu/gestao-suprimentos-logistica/node_modules/.pnpm/tsx@4.20.6/node_modules/tsx/dist/esm/index.mjs?1791199828088:2:4243)
[2026-10-05T11:41:30.045Z] at resolveTsPaths (file:///home/ubuntu/gestao-suprimentos-logistica/node_modules/.pnpm/tsx@4.20.6/node_modules/tsx/dist/esm/index.mjs?1791199828088:2:4984)
[2026-10-05T11:41:30.045Z] at resolve (file:///home/ubuntu/gestao-suprimentos-logistica/node_modules/.pnpm/tsx@4.20.6/node_modules/tsx/dist/esm/index.mjs?1791199828088:2:5361)
[2026-10-05T11:41:30.045Z] at nextResolve (node:internal/modules/esm/hooks:748:28)
[2026-10-05T11:41:30.045Z] at o (file:///home/ubuntu/gestao-suprimentos-logistica/node_modules/.pnpm/@tailwindcss+node@4.1.14/node_modules/@tailwindcss/node/dist/esm-cache.loader.mjs:1:69)
[2026-10-05T11:41:33.250Z] Error [ERR_MODULE_NOT_FOUND]: Cannot find module '/home/ubuntu/gestao-suprimentos-logistica/node_modules/.pnpm/vite@7.1.9_@types+node@24.7.0_jiti@2.6.1_lightningcss@1.30.1_tsx@4.20.6/node_modules/vite/dist/node/chunks/dep-CCSnTAeo.js' imported from /home/ubuntu/gestao-suprimentos-logistica/node_modules/.pnpm/vite@7.1.9_@types+node@24.7.0_jiti@2.6.1_lightningcss@1.30.1_tsx@4.20.6/node_modules/vite/dist/node/chunks/dep-Chhhsdoe.js
[2026-10-05T11:41:33.250Z] at finalizeResolution (node:internal/modules/esm/resolve:275:11)
[2026-10-05T11:41:33.250Z] at moduleResolve (node:internal/modules/esm/resolve:932:10)
[2026-10-05T11:41:33.250Z] at defaultResolve (node:internal/modules/esm/resolve:1056:11)
[2026-10-05T11:41:33.250Z] at nextResolve (node:internal/modules/esm/hooks:748:28)
[2026-10-05T11:41:33.250Z] at resolveBase (file:///home/ubuntu/gestao-suprimentos-logistica/node_modules/.pnpm/tsx@4.20.6/node_modules/tsx/dist/esm/index.mjs?1791199828088:2:3744)
[2026-10-05T11:41:33.250Z] at resolveDirectory (file:///home/ubuntu/gestao-suprimentos-logistica/node_modules/.pnpm/tsx@4.20.6/node_modules/tsx/dist/esm/index.mjs?1791199828088:2:4243)
[2026-10-05T11:41:33.250Z] at resolveTsPaths (file:///home/ubuntu/gestao-suprimentos-logistica/node_modules/.pnpm/tsx@4.20.6/node_modules/tsx/dist/esm/index.mjs?1791199828088:2:4984)
[2026-10-05T11:41:33.250Z] at resolve (file:///home/ubuntu/gestao-suprimentos-logistica/node_modules/.pnpm/tsx@4.20.6/node_modules/tsx/dist/esm/index.mjs?1791199828088:2:5361)
[2026-10-05T11:41:33.250Z] at nextResolve (node:internal/modules/esm/hooks:748:28)
[2026-10-05T11:41:33.250Z] at o (file:///home/ubuntu/gestao-suprimentos-logistica/node_modules/.pnpm/@tailwindcss+node@4.1.14/node_modules/@tailwindcss/node/dist/esm-cache.loader.mjs:1:69)
[2026-10-05T11:41:36.441Z] Error [ERR_MODULE_NOT_FOUND]: Cannot find module '/home/ubuntu/gestao-suprimentos-logistica/node_modules/.pnpm/vite@7.1.9_@types+node@24.7.0_jiti@2.6.1_lightningcss@1.30.1_tsx@4.20.6/node_modules/vite/dist/node/chunks/dep-CCSnTAeo.js' imported from /home/ubuntu/gestao-suprimentos-logistica/node_modules/.pnpm/vite@7.1.9_@types+node@24.7.0_jiti@2.6.1_lightningcss@1.30.1_tsx@4.20.6/node_modules/vite/dist/node/chunks/dep-Chhhsdoe.js
[2026-10-05T11:41:36.441Z] at finalizeResolution (node:internal/modules/esm/resolve:275:11)
[2026-10-05T11:41:36.441Z] at moduleResolve (node:internal/modules/esm/resolve:932:10)
[2026-10-05T11:41:36.441Z] at defaultResolve (node:internal/modules/esm/resolve:1056:11)
[2026-10-05T11:41:36.441Z] at nextResolve (node:internal/modules/esm/hooks:748:28)
[2026-10-05T11:41:36.441Z] at resolveBase (file:///home/ubuntu/gestao-suprimentos-logistica/node_modules/.pnpm/tsx@4.20.6/node_modules/tsx/dist/esm/index.mjs?1791199828088:2:3744)
[2026-10-05T11:41:36.441Z] at resolveDirectory (file:///home/ubuntu/gestao-suprimentos-logistica/node_modules/.pnpm/tsx@4.20.6/node_modules/tsx/dist/esm/index.mjs?1791199828088:2:4243)
[2026-10-05T11:41:36.441Z] at resolveTsPaths (file:///home/ubuntu/gestao-suprimentos-logistica/node_modules/.pnpm/tsx@4.20.6/node_modules/tsx/dist/esm/index.mjs?1791199828088:2:4984)
[2026-10-05T11:41:36.441Z] at resolve (file:///home/ubuntu/gestao-suprimentos-logistica/node_modules/.pnpm/tsx@4.20.6/node_modules/tsx/dist/esm/index.mjs?1791199828088:2:5361)
[2026-10-05T11:41:36.441Z] at nextResolve (node:internal/modules/esm/hooks:748:28)
[2026-10-05T11:41:36.441Z] at o (file:///home/ubuntu/gestao-suprimentos-logistica/node_modules/.pnpm/@tailwindcss+node@4.1.14/node_modules/@tailwindcss/node/dist/esm-cache.loader.mjs:1:69)
[2026-10-05T11:41:39.639Z] Error [ERR_MODULE_NOT_FOUND]: Cannot find module '/home/ubuntu/gestao-suprimentos-logistica/node_modules/.pnpm/vite@7.1.9_@types+node@24.7.0_jiti@2.6.1_lightningcss@1.30.1_tsx@4.20.6/node_modules/vite/dist/node/chunks/dep-CCSnTAeo.js' imported from /home/ubuntu/gestao-suprimentos-logistica/node_modules/.pnpm/vite@7.1.9_@types+node@24.7.0_jiti@2.6.1_lightningcss@1.30.1_tsx@4.20.6/node_modules/vite/dist/node/chunks/dep-Chhhsdoe.js
[2026-10-05T11:41:39.639Z] at finalizeResolution (node:internal/modules/esm/resolve:275:11)
[2026-10-05T11:41:39.639Z] at moduleResolve (node:internal/modules/esm/resolve:932:10)
[2026-10-05T11:41:39.639Z] at defaultResolve (node:internal/modules/esm/resolve:1056:11)
[2026-10-05T11:41:39.639Z] at nextResolve (node:internal/modules/esm/hooks:748:28)
[2026-10-05T11:41:39.639Z] at resolveBase (file:///home/ubuntu/gestao-suprimentos-logistica/node_modules/.pnpm/tsx@4.20.6/node_modules/tsx/dist/esm/index.mjs?1791199828088:2:3744)
[2026-10-05T11:41:39.639Z] at resolveDirectory (file:///home/ubuntu/gestao-suprimentos-logistica/node_modules/.pnpm/tsx@4.20.6/node_modules/tsx/dist/esm/index.mjs?1791199828088:2:4243)
[2026-10-05T11:41:39.639Z] at resolveTsPaths (file:///home/ubuntu/gestao-suprimentos-logistica/node_modules/.pnpm/tsx@4.20.6/node_modules/tsx/dist/esm/index.mjs?1791199828088:2:4984)
[2026-10-05T11:41:39.639Z] at resolve (file:///home/ubuntu/gestao-suprimentos-logistica/node_modules/.pnpm/tsx@4.20.6/node_modules/tsx/dist/esm/index.mjs?1791199828088:2:5361)
[2026-10-05T11:41:39.639Z] at nextResolve (node:internal/modules/esm/hooks:748:28)
[2026-10-05T11:41:39.639Z] at o (file:///home/ubuntu/gestao-suprimentos-logistica/node_modules/.pnpm/@tailwindcss+node@4.1.14/node_modules/@tailwindcss/node/dist/esm-cache.loader.mjs:1:69)
[2026-10-05T11:41:42.844Z] Error [ERR_MODULE_NOT_FOUND]: Cannot find module '/home/ubuntu/gestao-suprimentos-logistica/node_modules/.pnpm/vite@7.1.9_@types+node@24.7.0_jiti@2.6.1_lightningcss@1.30.1_tsx@4.20.6/node_modules/vite/dist/node/chunks/dep-CCSnTAeo.js' imported from /home/ubuntu/gestao-suprimentos-logistica/node_modules/.pnpm/vite@7.1.9_@types+node@24.7.0_jiti@2.6.1_lightningcss@1.30.1_tsx@4.20.6/node_modules/vite/dist/node/chunks/dep-Chhhsdoe.js
[2026-10-05T11:41:42.845Z] at finalizeResolution (node:internal/modules/esm/resolve:275:11)
[2026-10-05T11:41:42.845Z] at moduleResolve (node:internal/modules/esm/resolve:932:10)
[2026-10-05T11:41:42.845Z] at defaultResolve (node:internal/modules/esm/resolve:1056:11)
[2026-10-05T11:41:42.845Z] at nextResolve (node:internal/modules/esm/hooks:748:28)
[2026-10-05T11:41:42.845Z] at resolveBase (file:///home/ubuntu/gestao-suprimentos-logistica/node_modules/.pnpm/tsx@4.20.6/node_modules/tsx/dist/esm/index.mjs?1791199828088:2:3744)
[2026-10-05T11:41:42.845Z] at resolveDirectory (file:///home/ubuntu/gestao-suprimentos-logistica/node_modules/.pnpm/tsx@4.20.6/node_modules/tsx/dist/esm/index.mjs?1791199828088:2:4243)
[2026-10-05T11:41:42.845Z] at resolveTsPaths (file:///home/ubuntu/gestao-suprimentos-logistica/node_modules/.pnpm/tsx@4.20.6/node_modules/tsx/dist/esm/index.mjs?1791199828088:2:4984)
[2026-10-05T11:41:42.845Z] at resolve (file:///home/ubuntu/gestao-suprimentos-logistica/node_modules/.pnpm/tsx@4.20.6/node_modules/tsx/dist/esm/index.mjs?1791199828088:2:5361)
[2026-10-05T11:41:42.845Z] at nextResolve (node:internal/modules/esm/hooks:748:28)
[2026-10-05T11:41:42.845Z] at o (file:///home/ubuntu/gestao-suprimentos-logistica/node_modules/.pnpm/@tailwindcss+node@4.1.14/node_modules/@tailwindcss/node/dist/esm-cache.loader.mjs:1:69)
[2026-10-05T11:41:46.054Z] Error [ERR_MODULE_NOT_FOUND]: Cannot find module '/home/ubuntu/gestao-suprimentos-logistica/node_modules/.pnpm/vite@7.1.9_@types+node@24.7.0_jiti@2.6.1_lightningcss@1.30.1_tsx@4.20.6/node_modules/vite/dist/node/chunks/dep-CCSnTAeo.js' imported from /home/ubuntu/gestao-suprimentos-logistica/node_modules/.pnpm/vite@7.1.9_@types+node@24.7.0_jiti@2.6.1_lightningcss@1.30.1_tsx@4.20.6/node_modules/vite/dist/node/chunks/dep-Chhhsdoe.js
[2026-10-05T11:41:46.054Z] at finalizeResolution (node:internal/modules/esm/resolve:275:11)
[2026-10-05T11:41:46.054Z] at moduleResolve (node:internal/modules/esm/resolve:932:10)
[2026-10-05T11:41:46.054Z] at defaultResolve (node:internal/modules/esm/resolve:1056:11)
[2026-10-05T11:41:46.054Z] at nextResolve (node:internal/modules/esm/hooks:748:28)
[2026-10-05T11:41:46.054Z] at resolveBase (file:///home/ubuntu/gestao-suprimentos-logistica/node_modules/.pnpm/tsx@4.20.6/node_modules/tsx/dist/esm/index.mjs?1791199828088:2:3744)
[2026-10-05T11:41:46.054Z] at resolveDirectory (file:///home/ubuntu/gestao-suprimentos-logistica/node_modules/.pnpm/tsx@4.20.6/node_modules/tsx/dist/esm/index.mjs?1791199828088:2:4243)
[2026-10-05T11:41:46.054Z] at resolveTsPaths (file:///home/ubuntu/gestao-suprimentos-logistica/node_modules/.pnpm/tsx@4.20.6/node_modules/tsx/dist/esm/index.mjs?1791199828088:2:4984)
[2026-10-05T11:41:46.055Z] at resolve (file:///home/ubuntu/gestao-suprimentos-logistica/node_modules/.pnpm/tsx@4.20.6/node_modules/tsx/dist/esm/index.mjs?1791199828088:2:5361)
[2026-10-05T11:41:46.055Z] at nextResolve (node:internal/modules/esm/hooks:748:28)
[2026-10-05T11:41:46.055Z] at o (file:///home/ubuntu/gestao-suprimentos-logistica/node_modules/.pnpm/@tailwindcss+node@4.1.14/node_modules/@tailwindcss/node/dist/esm-cache.loader.mjs:1:69)
[2026-10-05T11:41:49.257Z] Error [ERR_MODULE_NOT_FOUND]: Cannot find module '/home/ubuntu/gestao-suprimentos-logistica/node_modules/.pnpm/vite@7.1.9_@types+node@24.7.0_jiti@2.6.1_lightningcss@1.30.1_tsx@4.20.6/node_modules/vite/dist/node/chunks/dep-CCSnTAeo.js' imported from /home/ubuntu/gestao-suprimentos-logistica/node_modules/.pnpm/vite@7.1.9_@types+node@24.7.0_jiti@2.6.1_lightningcss@1.30.1_tsx@4.20.6/node_modules/vite/dist/node/chunks/dep-Chhhsdoe.js
[2026-10-05T11:41:49.257Z] at finalizeResolution (node:internal/modules/esm/resolve:275:11)
[2026-10-05T11:41:49.257Z] at moduleResolve (node:internal/modules/esm/resolve:932:10)
[2026-10-05T11:41:49.257Z] at defaultResolve (node:internal/modules/esm/resolve:1056:11)
[2026-10-05T11:41:49.257Z] at nextResolve (node:internal/modules/esm/hooks:748:28)
[2026-10-05T11:41:49.257Z] at resolveBase (file:///home/ubuntu/gestao-suprimentos-logistica/node_modules/.pnpm/tsx@4.20.6/node_modules/tsx/dist/esm/index.mjs?1791199828088:2:3744)
[2026-10-05T11:41:49.257Z] at resolveDirectory (file:///home/ubuntu/gestao-suprimentos-logistica/node_modules/.pnpm/tsx@4.20.6/node_modules/tsx/dist/esm/index.mjs?1791199828088:2:4243)
[2026-10-05T11:41:49.257Z] at resolveTsPaths (file:///home/ubuntu/gestao-suprimentos-logistica/node_modules/.pnpm/tsx@4.20.6/node_modules/tsx/dist/esm/index.mjs?1791199828088:2:4984)
[2026-10-05T11:41:49.257Z] at resolve (file:///home/ubuntu/gestao-suprimentos-logistica/node_modules/.pnpm/tsx@4.20.6/node_modules/tsx/dist/esm/index.mjs?1791199828088:2:5361)
[2026-10-05T11:41:49.257Z] at nextResolve (node:internal/modules/esm/hooks:748:28)
[2026-10-05T11:41:49.257Z] at o (file:///home/ubuntu/gestao-suprimentos-logistica/node_modules/.pnpm/@tailwindcss+node@4.1.14/node_modules/@tailwindcss/node/dist/esm-cache.loader.mjs:1:69)
[2026-10-05T11:41:52.458Z] Error [ERR_MODULE_NOT_FOUND]: Cannot find module '/home/ubuntu/gestao-suprimentos-logistica/node_modules/.pnpm/vite@7.1.9_@types+node@24.7.0_jiti@2.6.1_lightningcss@1.30.1_tsx@4.20.6/node_modules/vite/dist/node/chunks/dep-CCSnTAeo.js' imported from /home/ubuntu/gestao-suprimentos-logistica/node_modules/.pnpm/vite@7.1.9_@types+node@24.7.0_jiti@2.6.1_lightningcss@1.30.1_tsx@4.20.6/node_modules/vite/dist/node/chunks/dep-Chhhsdoe.js
[2026-10-05T11:41:52.458Z] at finalizeResolution (node:internal/modules/esm/resolve:275:11)
[2026-10-05T11:41:52.458Z] at moduleResolve (node:internal/modules/esm/resolve:932:10)
[2026-10-05T11:41:52.458Z] at defaultResolve (node:internal/modules/esm/resolve:1056:11)
[2026-10-05T11:41:52.458Z] at nextResolve (node:internal/modules/esm/hooks:748:28)
[2026-10-05T11:41:52.458Z] at resolveBase (file:///home/ubuntu/gestao-suprimentos-logistica/node_modules/.pnpm/tsx@4.20.6/node_modules/tsx/dist/esm/index.mjs?1791199828088:2:3744)
[2026-10-05T11:41:52.458Z] at resolveDirectory (file:///home/ubuntu/gestao-suprimentos-logistica/node_modules/.pnpm/tsx@4.20.6/node_modules/tsx/dist/esm/index.mjs?1791199828088:2:4243)
[2026-10-05T11:41:52.458Z] at resolveTsPaths (file:///home/ubuntu/gestao-suprimentos-logistica/node_modules/.pnpm/tsx@4.20.6/node_modules/tsx/dist/esm/index.mjs?1791199828088:2:4984)
[2026-10-05T11:41:52.458Z] at resolve (file:///home/ubuntu/gestao-suprimentos-logistica/node_modules/.pnpm/tsx@4.20.6/node_modules/tsx/dist/esm/index.mjs?1791199828088:2:5361)
[2026-10-05T11:41:52.458Z] at nextResolve (node:internal/modules/esm/hooks:748:28)
[2026-10-05T11:41:52.458Z] at o (file:///home/ubuntu/gestao-suprimentos-logistica/node_modules/.pnpm/@tailwindcss+node@4.1.14/node_modules/@tailwindcss/node/dist/esm-cache.loader.mjs:1:69)
[2026-10-05T11:41:55.644Z] Error [ERR_MODULE_NOT_FOUND]: Cannot find module '/home/ubuntu/gestao-suprimentos-logistica/node_modules/.pnpm/vite@7.1.9_@types+node@24.7.0_jiti@2.6.1_lightningcss@1.30.1_tsx@4.20.6/node_modules/vite/dist/node/chunks/dep-CCSnTAeo.js' imported from /home/ubuntu/gestao-suprimentos-logistica/node_modules/.pnpm/vite@7.1.9_@types+node@24.7.0_jiti@2.6.1_lightningcss@1.30.1_tsx@4.20.6/node_modules/vite/dist/node/chunks/dep-Chhhsdoe.js
[2026-10-05T11:41:55.644Z] at finalizeResolution (node:internal/modules/esm/resolve:275:11)
[2026-10-05T11:41:55.644Z] at moduleResolve (node:internal/modules/esm/resolve:932:10)
[2026-10-05T11:41:55.644Z] at defaultResolve (node:internal/modules/esm/resolve:1056:11)
[2026-10-05T11:41:55.644Z] at nextResolve (node:internal/modules/esm/hooks:748:28)
[2026-10-05T11:41:55.644Z] at resolveBase (file:///home/ubuntu/gestao-suprimentos-logistica/node_modules/.pnpm/tsx@4.20.6/node_modules/tsx/dist/esm/index.mjs?1791199828088:2:3744)
[2026-10-05T11:41:55.644Z] at resolveDirectory (file:///home/ubuntu/gestao-suprimentos-logistica/node_modules/.pnpm/tsx@4.20.6/node_modules/tsx/dist/esm/index.mjs?1791199828088:2:4243)
[2026-10-05T11:41:55.644Z] at resolveTsPaths (file:///home/ubuntu/gestao-suprimentos-logistica/node_modules/.pnpm/tsx@4.20.6/node_modules/tsx/dist/esm/index.mjs?1791199828088:2:4984)
[2026-10-05T11:41:55.644Z] at resolve (file:///home/ubuntu/gestao-suprimentos-logistica/node_modules/.pnpm/tsx@4.20.6/node_modules/tsx/dist/esm/index.mjs?1791199828088:2:5361)
[2026-10-05T11:41:55.644Z] at nextResolve (node:internal/modules/esm/hooks:748:28)
[2026-10-05T11:41:55.644Z] at o (file:///home/ubuntu/gestao-suprimentos-logistica/node_modules/.pnpm/@tailwindcss+node@4.1.14/node_modules/@tailwindcss/node/dist/esm-cache.loader.mjs:1:69)
[2026-10-05T11:41:58.919Z] Error [ERR_MODULE_NOT_FOUND]: Cannot find module '/home/ubuntu/gestao-suprimentos-logistica/node_modules/.pnpm/vite@7.1.9_@types+node@24.7.0_jiti@2.6.1_lightningcss@1.30.1_tsx@4.20.6/node_modules/vite/dist/node/chunks/dep-CCSnTAeo.js' imported from /home/ubuntu/gestao-suprimentos-logistica/node_modules/.pnpm/vite@7.1.9_@types+node@24.7.0_jiti@2.6.1_lightningcss@1.30.1_tsx@4.20.6/node_modules/vite/dist/node/chunks/dep-Chhhsdoe.js
[2026-10-05T11:41:58.919Z] at finalizeResolution (node:internal/modules/esm/resolve:275:11)
[2026-10-05T11:41:58.919Z] at moduleResolve (node:internal/modules/esm/resolve:932:10)
[2026-10-05T11:41:58.919Z] at defaultResolve (node:internal/modules/esm/resolve:1056:11)
[2026-10-05T11:41:58.919Z] at nextResolve (node:internal/modules/esm/hooks:748:28)
[2026-10-05T11:41:58.919Z] at resolveBase (file:///home/ubuntu/gestao-suprimentos-logistica/node_modules/.pnpm/tsx@4.20.6/node_modules/tsx/dist/esm/index.mjs?1791199828088:2:3744)
[2026-10-05T11:41:58.919Z] at resolveDirectory (file:///home/ubuntu/gestao-suprimentos-logistica/node_modules/.pnpm/tsx@4.20.6/node_modules/tsx/dist/esm/index.mjs?1791199828088:2:4243)
[2026-10-05T11:41:58.919Z] at resolveTsPaths (file:///home/ubuntu/gestao-suprimentos-logistica/node_modules/.pnpm/tsx@4.20.6/node_modules/tsx/dist/esm/index.mjs?1791199828088:2:4984)
[2026-10-05T11:41:58.919Z] at resolve (file:///home/ubuntu/gestao-suprimentos-logistica/node_modules/.pnpm/tsx@4.20.6/node_modules/tsx/dist/esm/index.mjs?1791199828088:2:5361)
[2026-10-05T11:41:58.919Z] at nextResolve (node:internal/modules/esm/hooks:748:28)
[2026-10-05T11:41:58.919Z] at o (file:///home/ubuntu/gestao-suprimentos-logistica/node_modules/.pnpm/@tailwindcss+node@4.1.14/node_modules/@tailwindcss/node/dist/esm-cache.loader.mjs:1:69)
[2026-10-05T11:42:02.105Z] Error [ERR_MODULE_NOT_FOUND]: Cannot find module '/home/ubuntu/gestao-suprimentos-logistica/node_modules/.pnpm/vite@7.1.9_@types+node@24.7.0_jiti@2.6.1_lightningcss@1.30.1_tsx@4.20.6/node_modules/vite/dist/node/chunks/dep-CCSnTAeo.js' imported from /home/ubuntu/gestao-suprimentos-logistica/node_modules/.pnpm/vite@7.1.9_@types+node@24.7.0_jiti@2.6.1_lightningcss@1.30.1_tsx@4.20.6/node_modules/vite/dist/node/chunks/dep-Chhhsdoe.js
[2026-10-05T11:42:02.105Z] at finalizeResolution (node:internal/modules/esm/resolve:275:11)
[2026-10-05T11:42:02.105Z] at moduleResolve (node:internal/modules/esm/resolve:932:10)
[2026-10-05T11:42:02.105Z] at defaultResolve (node:internal/modules/esm/resolve:1056:11)
[2026-10-05T11:42:02.105Z] at nextResolve (node:internal/modules/esm/hooks:748:28)
[2026-10-05T11:42:02.105Z] at resolveBase (file:///home/ubuntu/gestao-suprimentos-logistica/node_modules/.pnpm/tsx@4.20.6/node_modules/tsx/dist/esm/index.mjs?1791199828088:2:3744)
[2026-10-05T11:42:02.105Z] at resolveDirectory (file:///home/ubuntu/gestao-suprimentos-logistica/node_modules/.pnpm/tsx@4.20.6/node_modules/tsx/dist/esm/index.mjs?1791199828088:2:4243)
[2026-10-05T11:42:02.105Z] at resolveTsPaths (file:///home/ubuntu/gestao-suprimentos-logistica/node_modules/.pnpm/tsx@4.20.6/node_modules/tsx/dist/esm/index.mjs?1791199828088:2:4984)
[2026-10-05T11:42:02.105Z] at resolve (file:///home/ubuntu/gestao-suprimentos-logistica/node_modules/.pnpm/tsx@4.20.6/node_modules/tsx/dist/esm/index.mjs?1791199828088:2:5361)
[2026-10-05T11:42:02.105Z] at nextResolve (node:internal/modules/esm/hooks:748:28)
[2026-10-05T11:42:02.105Z] at o (file:///home/ubuntu/gestao-suprimentos-logistica/node_modules/.pnpm/@tailwindcss+node@4.1.14/node_modules/@tailwindcss/node/dist/esm-cache.loader.mjs:1:69)
[2026-10-05T11:42:05.307Z] Error [ERR_MODULE_NOT_FOUND]: Cannot find module '/home/ubuntu/gestao-suprimentos-logistica/node_modules/.pnpm/vite@7.1.9_@types+node@24.7.0_jiti@2.6.1_lightningcss@1.30.1_tsx@4.20.6/node_modules/vite/dist/node/chunks/dep-CCSnTAeo.js' imported from /home/ubuntu/gestao-suprimentos-logistica/node_modules/.pnpm/vite@7.1.9_@types+node@24.7.0_jiti@2.6.1_lightningcss@1.30.1_tsx@4.20.6/node_modules/vite/dist/node/chunks/dep-Chhhsdoe.js
[2026-10-05T11:42:05.307Z] at finalizeResolution (node:internal/modules/esm/resolve:275:11)
[2026-10-05T11:42:05.307Z] at moduleResolve (node:internal/modules/esm/resolve:932:10)
[2026-10-05T11:42:05.307Z] at defaultResolve (node:internal/modules/esm/resolve:1056:11)
[2026-10-05T11:42:05.307Z] at nextResolve (node:internal/modules/esm/hooks:748:28)
[2026-10-05T11:42:05.307Z] at resolveBase (file:///home/ubuntu/gestao-suprimentos-logistica/node_modules/.pnpm/tsx@4.20.6/node_modules/tsx/dist/esm/index.mjs?1791199828088:2:3744)
[2026-10-05T11:42:05.307Z] at resolveDirectory (file:///home/ubuntu/gestao-suprimentos-logistica/node_modules/.pnpm/tsx@4.20.6/node_modules/tsx/dist/esm/index.mjs?1791199828088:2:4243)
[2026-10-05T11:42:05.307Z] at resolveTsPaths (file:///home/ubuntu/gestao-suprimentos-logistica/node_modules/.pnpm/tsx@4.20.6/node_modules/tsx/dist/esm/index.mjs?1791199828088:2:4984)
[2026-10-05T11:42:05.307Z] at resolve (file:///home/ubuntu/gestao-suprimentos-logistica/node_modules/.pnpm/tsx@4.20.6/node_modules/tsx/dist/esm/index.mjs?1791199828088:2:5361)
[2026-10-05T11:42:05.307Z] at nextResolve (node:internal/modules/esm/hooks:748:28)
[2026-10-05T11:42:05.307Z] at o (file:///home/ubuntu/gestao-suprimentos-logistica/node_modules/.pnpm/@tailwindcss+node@4.1.14/node_modules/@tailwindcss/node/dist/esm-cache.loader.mjs:1:69)
[2026-10-05T11:42:08.492Z] Error [ERR_MODULE_NOT_FOUND]: Cannot find module '/home/ubuntu/gestao-suprimentos-logistica/node_modules/.pnpm/vite@7.1.9_@types+node@24.7.0_jiti@2.6.1_lightningcss@1.30.1_tsx@4.20.6/node_modules/vite/dist/node/chunks/dep-CCSnTAeo.js' imported from /home/ubuntu/gestao-suprimentos-logistica/node_modules/.pnpm/vite@7.1.9_@types+node@24.7.0_jiti@2.6.1_lightningcss@1.30.1_tsx@4.20.6/node_modules/vite/dist/node/chunks/dep-Chhhsdoe.js
[2026-10-05T11:42:08.492Z] at finalizeResolution (node:internal/modules/esm/resolve:275:11)
[2026-10-05T11:42:08.492Z] at moduleResolve (node:internal/modules/esm/resolve:932:10)
[2026-10-05T11:42:08.492Z] at defaultResolve (node:internal/modules/esm/resolve:1056:11)
[2026-10-05T11:42:08.492Z] at nextResolve (node:internal/modules/esm/hooks:748:28)
[2026-10-05T11:42:08.492Z] at resolveBase (file:///home/ubuntu/gestao-suprimentos-logistica/node_modules/.pnpm/tsx@4.20.6/node_modules/tsx/dist/esm/index.mjs?1791199828088:2:3744)
[2026-10-05T11:42:08.492Z] at resolveDirectory (file:///home/ubuntu/gestao-suprimentos-logistica/node_modules/.pnpm/tsx@4.20.6/node_modules/tsx/dist/esm/index.mjs?1791199828088:2:4243)
[2026-10-05T11:42:08.492Z] at resolveTsPaths (file:///home/ubuntu/gestao-suprimentos-logistica/node_modules/.pnpm/tsx@4.20.6/node_modules/tsx/dist/esm/index.mjs?1791199828088:2:4984)
[2026-10-05T11:42:08.492Z] at resolve (file:///home/ubuntu/gestao-suprimentos-logistica/node_modules/.pnpm/tsx@4.20.6/node_modules/tsx/dist/esm/index.mjs?1791199828088:2:5361)
[2026-10-05T11:42:08.492Z] at nextResolve (node:internal/modules/esm/hooks:748:28)
[2026-10-05T11:42:08.492Z] at o (file:///home/ubuntu/gestao-suprimentos-logistica/node_modules/.pnpm/@tailwindcss+node@4.1.14/node_modules/@tailwindcss/node/dist/esm-cache.loader.mjs:1:69)
[2026-10-05T11:42:11.699Z] Error [ERR_MODULE_NOT_FOUND]: Cannot find module '/home/ubuntu/gestao-suprimentos-logistica/node_modules/.pnpm/vite@7.1.9_@types+node@24.7.0_jiti@2.6.1_lightningcss@1.30.1_tsx@4.20.6/node_modules/vite/dist/node/chunks/dep-CCSnTAeo.js' imported from /home/ubuntu/gestao-suprimentos-logistica/node_modules/.pnpm/vite@7.1.9_@types+node@24.7.0_jiti@2.6.1_lightningcss@1.30.1_tsx@4.20.6/node_modules/vite/dist/node/chunks/dep-Chhhsdoe.js
[2026-10-05T11:42:11.699Z] at finalizeResolution (node:internal/modules/esm/resolve:275:11)
[2026-10-05T11:42:11.699Z] at moduleResolve (node:internal/modules/esm/resolve:932:10)
[2026-10-05T11:42:11.699Z] at defaultResolve (node:internal/modules/esm/resolve:1056:11)
[2026-10-05T11:42:11.699Z] at nextResolve (node:internal/modules/esm/hooks:748:28)
[2026-10-05T11:42:11.699Z] at resolveBase (file:///home/ubuntu/gestao-suprimentos-logistica/node_modules/.pnpm/tsx@4.20.6/node_modules/tsx/dist/esm/index.mjs?1791199828088:2:3744)
[2026-10-05T11:42:11.699Z] at resolveDirectory (file:///home/ubuntu/gestao-suprimentos-logistica/node_modules/.pnpm/tsx@4.20.6/node_modules/tsx/dist/esm/index.mjs?1791199828088:2:4243)
[2026-10-05T11:42:11.699Z] at resolveTsPaths (file:///home/ubuntu/gestao-suprimentos-logistica/node_modules/.pnpm/tsx@4.20.6/node_modules/tsx/dist/esm/index.mjs?1791199828088:2:4984)
[2026-10-05T11:42:11.699Z] at resolve (file:///home/ubuntu/gestao-suprimentos-logistica/node_modules/.pnpm/tsx@4.20.6/node_modules/tsx/dist/esm/index.mjs?1791199828088:2:5361)
[2026-10-05T11:42:11.699Z] at nextResolve (node:internal/modules/esm/hooks:748:28)
[2026-10-05T11:42:11.699Z] at o (file:///home/ubuntu/gestao-suprimentos-logistica/node_modules/.pnpm/@tailwindcss+node@4.1.14/node_modules/@tailwindcss/node/dist/esm-cache.loader.mjs:1:69)
[2026-10-05T11:42:14.883Z] Error [ERR_MODULE_NOT_FOUND]: Cannot find module '/home/ubuntu/gestao-suprimentos-logistica/node_modules/.pnpm/vite@7.1.9_@types+node@24.7.0_jiti@2.6.1_lightningcss@1.30.1_tsx@4.20.6/node_modules/vite/dist/node/chunks/dep-CCSnTAeo.js' imported from /home/ubuntu/gestao-suprimentos-logistica/node_modules/.pnpm/vite@7.1.9_@types+node@24.7.0_jiti@2.6.1_lightningcss@1.30.1_tsx@4.20.6/node_modules/vite/dist/node/chunks/dep-Chhhsdoe.js
[2026-10-05T11:42:14.883Z] at finalizeResolution (node:internal/modules/esm/resolve:275:11)
[2026-10-05T11:42:14.883Z] at moduleResolve (node:internal/modules/esm/resolve:932:10)
[2026-10-05T11:42:14.883Z] at defaultResolve (node:internal/modules/esm/resolve:1056:11)
[2026-10-05T11:42:14.883Z] at nextResolve (node:internal/modules/esm/hooks:748:28)
[2026-10-05T11:42:14.883Z] at resolveBase (file:///home/ubuntu/gestao-suprimentos-logistica/node_modules/.pnpm/tsx@4.20.6/node_modules/tsx/dist/esm/index.mjs?1791199828088:2:3744)
[2026-10-05T11:42:14.883Z] at resolveDirectory (file:///home/ubuntu/gestao-suprimentos-logistica/node_modules/.pnpm/tsx@4.20.6/node_modules/tsx/dist/esm/index.mjs?1791199828088:2:4243)
[2026-10-05T11:42:14.883Z] at resolveTsPaths (file:///home/ubuntu/gestao-suprimentos-logistica/node_modules/.pnpm/tsx@4.20.6/node_modules/tsx/dist/esm/index.mjs?1791199828088:2:4984)
[2026-10-05T11:42:14.883Z] at resolve (file:///home/ubuntu/gestao-suprimentos-logistica/node_modules/.pnpm/tsx@4.20.6/node_modules/tsx/dist/esm/index.mjs?1791199828088:2:5361)
[2026-10-05T11:42:14.883Z] at nextResolve (node:internal/modules/esm/hooks:748:28)
[2026-10-05T11:42:14.883Z] at o (file:///home/ubuntu/gestao-suprimentos-logistica/node_modules/.pnpm/@tailwindcss+node@4.1.14/node_modules/@tailwindcss/node/dist/esm-cache.loader.mjs:1:69)
[2026-10-05T11:42:18.095Z] Error [ERR_MODULE_NOT_FOUND]: Cannot find module '/home/ubuntu/gestao-suprimentos-logistica/node_modules/.pnpm/vite@7.1.9_@types+node@24.7.0_jiti@2.6.1_lightningcss@1.30.1_tsx@4.20.6/node_modules/vite/dist/node/chunks/dep-CCSnTAeo.js' imported from /home/ubuntu/gestao-suprimentos-logistica/node_modules/.pnpm/vite@7.1.9_@types+node@24.7.0_jiti@2.6.1_lightningcss@1.30.1_tsx@4.20.6/node_modules/vite/dist/node/chunks/dep-Chhhsdoe.js
[2026-10-05T11:42:18.095Z] at finalizeResolution (node:internal/modules/esm/resolve:275:11)
[2026-10-05T11:42:18.095Z] at moduleResolve (node:internal/modules/esm/resolve:932:10)
[2026-10-05T11:42:18.095Z] at defaultResolve (node:internal/modules/esm/resolve:1056:11)
[2026-10-05T11:42:18.095Z] at nextResolve (node:internal/modules/esm/hooks:748:28)
[2026-10-05T11:42:18.095Z] at resolveBase (file:///home/ubuntu/gestao-suprimentos-logistica/node_modules/.pnpm/tsx@4.20.6/node_modules/tsx/dist/esm/index.mjs?1791199828088:2:3744)
[2026-10-05T11:42:18.095Z] at resolveDirectory (file:///home/ubuntu/gestao-suprimentos-logistica/node_modules/.pnpm/tsx@4.20.6/node_modules/tsx/dist/esm/index.mjs?1791199828088:2:4243)
[2026-10-05T11:42:18.095Z] at resolveTsPaths (file:///home/ubuntu/gestao-suprimentos-logistica/node_modules/.pnpm/tsx@4.20.6/node_modules/tsx/dist/esm/index.mjs?1791199828088:2:4984)
[2026-10-05T11:42:18.095Z] at resolve (file:///home/ubuntu/gestao-suprimentos-logistica/node_modules/.pnpm/tsx@4.20.6/node_modules/tsx/dist/esm/index.mjs?1791199828088:2:5361)
[2026-10-05T11:42:18.095Z] at nextResolve (node:internal/modules/esm/hooks:748:28)
[2026-10-05T11:42:18.095Z] at o (file:///home/ubuntu/gestao-suprimentos-logistica/node_modules/.pnpm/@tailwindcss+node@4.1.14/node_modules/@tailwindcss/node/dist/esm-cache.loader.mjs:1:69)
[2026-10-05T11:42:21.329Z] Error [ERR_MODULE_NOT_FOUND]: Cannot find module '/home/ubuntu/gestao-suprimentos-logistica/node_modules/.pnpm/vite@7.1.9_@types+node@24.7.0_jiti@2.6.1_lightningcss@1.30.1_tsx@4.20.6/node_modules/vite/dist/node/chunks/dep-CCSnTAeo.js' imported from /home/ubuntu/gestao-suprimentos-logistica/node_modules/.pnpm/vite@7.1.9_@types+node@24.7.0_jiti@2.6.1_lightningcss@1.30.1_tsx@4.20.6/node_modules/vite/dist/node/chunks/dep-Chhhsdoe.js
[2026-10-05T11:42:21.330Z] at finalizeResolution (node:internal/modules/esm/resolve:275:11)
[2026-10-05T11:42:21.330Z] at moduleResolve (node:internal/modules/esm/resolve:932:10)
[2026-10-05T11:42:21.330Z] at defaultResolve (node:internal/modules/esm/resolve:1056:11)
[2026-10-05T11:42:21.330Z] at nextResolve (node:internal/modules/esm/hooks:748:28)
[2026-10-05T11:42:21.330Z] at resolveBase (file:///home/ubuntu/gestao-suprimentos-logistica/node_modules/.pnpm/tsx@4.20.6/node_modules/tsx/dist/esm/index.mjs?1791199828088:2:3744)
[2026-10-05T11:42:21.330Z] at resolveDirectory (file:///home/ubuntu/gestao-suprimentos-logistica/node_modules/.pnpm/tsx@4.20.6/node_modules/tsx/dist/esm/index.mjs?1791199828088:2:4243)
[2026-10-05T11:42:21.330Z] at resolveTsPaths (file:///home/ubuntu/gestao-suprimentos-logistica/node_modules/.pnpm/tsx@4.20.6/node_modules/tsx/dist/esm/index.mjs?1791199828088:2:4984)
[2026-10-05T11:42:21.330Z] at resolve (file:///home/ubuntu/gestao-suprimentos-logistica/node_modules/.pnpm/tsx@4.20.6/node_modules/tsx/dist/esm/index.mjs?1791199828088:2:5361)
[2026-10-05T11:42:21.330Z] at nextResolve (node:internal/modules/esm/hooks:748:28)
[2026-10-05T11:42:21.330Z] at o (file:///home/ubuntu/gestao-suprimentos-logistica/node_modules/.pnpm/@tailwindcss+node@4.1.14/node_modules/@tailwindcss/node/dist/esm-cache.loader.mjs:1:69)
[2026-10-05T11:42:24.546Z] Error [ERR_MODULE_NOT_FOUND]: Cannot find module '/home/ubuntu/gestao-suprimentos-logistica/node_modules/.pnpm/vite@7.1.9_@types+node@24.7.0_jiti@2.6.1_lightningcss@1.30.1_tsx@4.20.6/node_modules/vite/dist/node/chunks/dep-CCSnTAeo.js' imported from /home/ubuntu/gestao-suprimentos-logistica/node_modules/.pnpm/vite@7.1.9_@types+node@24.7.0_jiti@2.6.1_lightningcss@1.30.1_tsx@4.20.6/node_modules/vite/dist/node/chunks/dep-Chhhsdoe.js
[2026-10-05T11:42:24.546Z] at finalizeResolution (node:internal/modules/esm/resolve:275:11)
[2026-10-05T11:42:24.546Z] at moduleResolve (node:internal/modules/esm/resolve:932:10)
[2026-10-05T11:42:24.546Z] at defaultResolve (node:internal/modules/esm/resolve:1056:11)
[2026-10-05T11:42:24.546Z] at nextResolve (node:internal/modules/esm/hooks:748:28)
[2026-10-05T11:42:24.546Z] at resolveBase (file:///home/ubuntu/gestao-suprimentos-logistica/node_modules/.pnpm/tsx@4.20.6/node_modules/tsx/dist/esm/index.mjs?1791199828088:2:3744)
[2026-10-05T11:42:24.546Z] at resolveDirectory (file:///home/ubuntu/gestao-suprimentos-logistica/node_modules/.pnpm/tsx@4.20.6/node_modules/tsx/dist/esm/index.mjs?1791199828088:2:4243)
[2026-10-05T11:42:24.546Z] at resolveTsPaths (file:///home/ubuntu/gestao-suprimentos-logistica/node_modules/.pnpm/tsx@4.20.6/node_modules/tsx/dist/esm/index.mjs?1791199828088:2:4984)
[2026-10-05T11:42:24.546Z] at resolve (file:///home/ubuntu/gestao-suprimentos-logistica/node_modules/.pnpm/tsx@4.20.6/node_modules/tsx/dist/esm/index.mjs?1791199828088:2:5361)
[2026-10-05T11:42:24.546Z] at nextResolve (node:internal/modules/esm/hooks:748:28)
[2026-10-05T11:42:24.546Z] at o (file:///home/ubuntu/gestao-suprimentos-logistica/node_modules/.pnpm/@tailwindcss+node@4.1.14/node_modules/@tailwindcss/node/dist/esm-cache.loader.mjs:1:69)
[2026-10-05T11:42:28.180Z] Error [ERR_MODULE_NOT_FOUND]: Cannot find module '/home/ubuntu/gestao-suprimentos-logistica/node_modules/.pnpm/vite@7.1.9_@types+node@24.7.0_jiti@2.6.1_lightningcss@1.30.1_tsx@4.20.6/node_modules/vite/dist/node/chunks/dep-CCSnTAeo.js' imported from /home/ubuntu/gestao-suprimentos-logistica/node_modules/.pnpm/vite@7.1.9_@types+node@24.7.0_jiti@2.6.1_lightningcss@1.30.1_tsx@4.20.6/node_modules/vite/dist/node/chunks/dep-Chhhsdoe.js
[2026-10-05T11:42:28.180Z] at finalizeResolution (node:internal/modules/esm/resolve:275:11)
[2026-10-05T11:42:28.180Z] at moduleResolve (node:internal/modules/esm/resolve:932:10)
[2026-10-05T11:42:28.180Z] at defaultResolve (node:internal/modules/esm/resolve:1056:11)
[2026-10-05T11:42:28.180Z] at nextResolve (node:internal/modules/esm/hooks:748:28)
[2026-10-05T11:42:28.180Z] at resolveBase (file:///home/ubuntu/gestao-suprimentos-logistica/node_modules/.pnpm/tsx@4.20.6/node_modules/tsx/dist/esm/index.mjs?1791199828088:2:3744)
[2026-10-05T11:42:28.180Z] at resolveDirectory (file:///home/ubuntu/gestao-suprimentos-logistica/node_modules/.pnpm/tsx@4.20.6/node_modules/tsx/dist/esm/index.mjs?1791199828088:2:4243)
[2026-10-05T11:42:28.180Z] at resolveTsPaths (file:///home/ubuntu/gestao-suprimentos-logistica/node_modules/.pnpm/tsx@4.20.6/node_modules/tsx/dist/esm/index.mjs?1791199828088:2:4984)
[2026-10-05T11:42:28.180Z] at resolve (file:///home/ubuntu/gestao-suprimentos-logistica/node_modules/.pnpm/tsx@4.20.6/node_modules/tsx/dist/esm/index.mjs?1791199828088:2:5361)
[2026-10-05T11:42:28.180Z] at nextResolve (node:internal/modules/esm/hooks:748:28)
[2026-10-05T11:42:28.180Z] at o (file:///home/ubuntu/gestao-suprimentos-logistica/node_modules/.pnpm/@tailwindcss+node@4.1.14/node_modules/@tailwindcss/node/dist/esm-cache.loader.mjs:1:69)
[2026-10-05T11:42:31.386Z] Error [ERR_MODULE_NOT_FOUND]: Cannot find module '/home/ubuntu/gestao-suprimentos-logistica/node_modules/.pnpm/vite@7.1.9_@types+node@24.7.0_jiti@2.6.1_lightningcss@1.30.1_tsx@4.20.6/node_modules/vite/dist/node/chunks/dep-CCSnTAeo.js' imported from /home/ubuntu/gestao-suprimentos-logistica/node_modules/.pnpm/vite@7.1.9_@types+node@24.7.0_jiti@2.6.1_lightningcss@1.30.1_tsx@4.20.6/node_modules/vite/dist/node/chunks/dep-Chhhsdoe.js
[2026-10-05T11:42:31.386Z] at finalizeResolution (node:internal/modules/esm/resolve:275:11)
[2026-10-05T11:42:31.386Z] at moduleResolve (node:internal/modules/esm/resolve:932:10)
[2026-10-05T11:42:31.386Z] at defaultResolve (node:internal/modules/esm/resolve:1056:11)
[2026-10-05T11:42:31.386Z] at nextResolve (node:internal/modules/esm/hooks:748:28)
[2026-10-05T11:42:31.386Z] at resolveBase (file:///home/ubuntu/gestao-suprimentos-logistica/node_modules/.pnpm/tsx@4.20.6/node_modules/tsx/dist/esm/index.mjs?1791199828088:2:3744)
[2026-10-05T11:42:31.386Z] at resolveDirectory (file:///home/ubuntu/gestao-suprimentos-logistica/node_modules/.pnpm/tsx@4.20.6/node_modules/tsx/dist/esm/index.mjs?1791199828088:2:4243)
[2026-10-05T11:42:31.386Z] at resolveTsPaths (file:///home/ubuntu/gestao-suprimentos-logistica/node_modules/.pnpm/tsx@4.20.6/node_modules/tsx/dist/esm/index.mjs?1791199828088:2:4984)
[2026-10-05T11:42:31.386Z] at resolve (file:///home/ubuntu/gestao-suprimentos-logistica/node_modules/.pnpm/tsx@4.20.6/node_modules/tsx/dist/esm/index.mjs?1791199828088:2:5361)
[2026-10-05T11:42:31.386Z] at nextResolve (node:internal/modules/esm/hooks:748:28)
[2026-10-05T11:42:31.386Z] at o (file:///home/ubuntu/gestao-suprimentos-logistica/node_modules/.pnpm/@tailwindcss+node@4.1.14/node_modules/@tailwindcss/node/dist/esm-cache.loader.mjs:1:69)
[2026-10-05T11:42:34.578Z] Error [ERR_MODULE_NOT_FOUND]: Cannot find module '/home/ubuntu/gestao-suprimentos-logistica/node_modules/.pnpm/vite@7.1.9_@types+node@24.7.0_jiti@2.6.1_lightningcss@1.30.1_tsx@4.20.6/node_modules/vite/dist/node/chunks/dep-CCSnTAeo.js' imported from /home/ubuntu/gestao-suprimentos-logistica/node_modules/.pnpm/vite@7.1.9_@types+node@24.7.0_jiti@2.6.1_lightningcss@1.30.1_tsx@4.20.6/node_modules/vite/dist/node/chunks/dep-Chhhsdoe.js
[2026-10-05T11:42:34.578Z] at finalizeResolution (node:internal/modules/esm/resolve:275:11)
[2026-10-05T11:42:34.578Z] at moduleResolve (node:internal/modules/esm/resolve:932:10)
[2026-10-05T11:42:34.578Z] at defaultResolve (node:internal/modules/esm/resolve:1056:11)
[2026-10-05T11:42:34.578Z] at nextResolve (node:internal/modules/esm/hooks:748:28)
[2026-10-05T11:42:34.578Z] at resolveBase (file:///home/ubuntu/gestao-suprimentos-logistica/node_modules/.pnpm/tsx@4.20.6/node_modules/tsx/dist/esm/index.mjs?1791199828088:2:3744)
[2026-10-05T11:42:34.578Z] at resolveDirectory (file:///home/ubuntu/gestao-suprimentos-logistica/node_modules/.pnpm/tsx@4.20.6/node_modules/tsx/dist/esm/index.mjs?1791199828088:2:4243)
[2026-10-05T11:42:34.578Z] at resolveTsPaths (file:///home/ubuntu/gestao-suprimentos-logistica/node_modules/.pnpm/tsx@4.20.6/node_modules/tsx/dist/esm/index.mjs?1791199828088:2:4984)
[2026-10-05T11:42:34.578Z] at resolve (file:///home/ubuntu/gestao-suprimentos-logistica/node_modules/.pnpm/tsx@4.20.6/node_modules/tsx/dist/esm/index.mjs?1791199828088:2:5361)
[2026-10-05T11:42:34.578Z] at nextResolve (node:internal/modules/esm/hooks:748:28)
[2026-10-05T11:42:34.578Z] at o (file:///home/ubuntu/gestao-suprimentos-logistica/node_modules/.pnpm/@tailwindcss+node@4.1.14/node_modules/@tailwindcss/node/dist/esm-cache.loader.mjs:1:69)
[2026-10-05T11:42:37.787Z] Error [ERR_MODULE_NOT_FOUND]: Cannot find module '/home/ubuntu/gestao-suprimentos-logistica/node_modules/.pnpm/vite@7.1.9_@types+node@24.7.0_jiti@2.6.1_lightningcss@1.30.1_tsx@4.20.6/node_modules/vite/dist/node/chunks/dep-CCSnTAeo.js' imported from /home/ubuntu/gestao-suprimentos-logistica/node_modules/.pnpm/vite@7.1.9_@types+node@24.7.0_jiti@2.6.1_lightningcss@1.30.1_tsx@4.20.6/node_modules/vite/dist/node/chunks/dep-Chhhsdoe.js
[2026-10-05T11:42:37.787Z] at finalizeResolution (node:internal/modules/esm/resolve:275:11)
[2026-10-05T11:42:37.787Z] at moduleResolve (node:internal/modules/esm/resolve:932:10)
[2026-10-05T11:42:37.787Z] at defaultResolve (node:internal/modules/esm/resolve:1056:11)
[2026-10-05T11:42:37.788Z] at nextResolve (node:internal/modules/esm/hooks:748:28)
[2026-10-05T11:42:37.788Z] at resolveBase (file:///home/ubuntu/gestao-suprimentos-logistica/node_modules/.pnpm/tsx@4.20.6/node_modules/tsx/dist/esm/index.mjs?1791199828088:2:3744)
[2026-10-05T11:42:37.788Z] at resolveDirectory (file:///home/ubuntu/gestao-suprimentos-logistica/node_modules/.pnpm/tsx@4.20.6/node_modules/tsx/dist/esm/index.mjs?1791199828088:2:4243)
[2026-10-05T11:42:37.788Z] at resolveTsPaths (file:///home/ubuntu/gestao-suprimentos-logistica/node_modules/.pnpm/tsx@4.20.6/node_modules/tsx/dist/esm/index.mjs?1791199828088:2:4984)
[2026-10-05T11:42:37.788Z] at resolve (file:///home/ubuntu/gestao-suprimentos-logistica/node_modules/.pnpm/tsx@4.20.6/node_modules/tsx/dist/esm/index.mjs?1791199828088:2:5361)
[2026-10-05T11:42:37.788Z] at nextResolve (node:internal/modules/esm/hooks:748:28)
[2026-10-05T11:42:37.788Z] at o (file:///home/ubuntu/gestao-suprimentos-logistica/node_modules/.pnpm/@tailwindcss+node@4.1.14/node_modules/@tailwindcss/node/dist/esm-cache.loader.mjs:1:69)
[2026-10-05T11:42:41.084Z] Error [ERR_MODULE_NOT_FOUND]: Cannot find module '/home/ubuntu/gestao-suprimentos-logistica/node_modules/.pnpm/vite@7.1.9_@types+node@24.7.0_jiti@2.6.1_lightningcss@1.30.1_tsx@4.20.6/node_modules/vite/dist/node/chunks/dep-CCSnTAeo.js' imported from /home/ubuntu/gestao-suprimentos-logistica/node_modules/.pnpm/vite@7.1.9_@types+node@24.7.0_jiti@2.6.1_lightningcss@1.30.1_tsx@4.20.6/node_modules/vite/dist/node/chunks/dep-Chhhsdoe.js
[2026-10-05T11:42:41.084Z] at finalizeResolution (node:internal/modules/esm/resolve:275:11)
[2026-10-05T11:42:41.084Z] at moduleResolve (node:internal/modules/esm/resolve:932:10)
[2026-10-05T11:42:41.084Z] at defaultResolve (node:internal/modules/esm/resolve:1056:11)
[2026-10-05T11:42:41.084Z] at nextResolve (node:internal/modules/esm/hooks:748:28)
[2026-10-05T11:42:41.084Z] at resolveBase (file:///home/ubuntu/gestao-suprimentos-logistica/node_modules/.pnpm/tsx@4.20.6/node_modules/tsx/dist/esm/index.mjs?1791199828088:2:3744)
[2026-10-05T11:42:41.084Z] at resolveDirectory (file:///home/ubuntu/gestao-suprimentos-logistica/node_modules/.pnpm/tsx@4.20.6/node_modules/tsx/dist/esm/index.mjs?1791199828088:2:4243)
[2026-10-05T11:42:41.084Z] at resolveTsPaths (file:///home/ubuntu/gestao-suprimentos-logistica/node_modules/.pnpm/tsx@4.20.6/node_modules/tsx/dist/esm/index.mjs?1791199828088:2:4984)
[2026-10-05T11:42:41.084Z] at resolve (file:///home/ubuntu/gestao-suprimentos-logistica/node_modules/.pnpm/tsx@4.20.6/node_modules/tsx/dist/esm/index.mjs?1791199828088:2:5361)
[2026-10-05T11:42:41.084Z] at nextResolve (node:internal/modules/esm/hooks:748:28)
[2026-10-05T11:42:41.084Z] at o (file:///home/ubuntu/gestao-suprimentos-logistica/node_modules/.pnpm/@tailwindcss+node@4.1.14/node_modules/@tailwindcss/node/dist/esm-cache.loader.mjs:1:69)
[2026-10-05T11:42:44.272Z] Error [ERR_MODULE_NOT_FOUND]: Cannot find module '/home/ubuntu/gestao-suprimentos-logistica/node_modules/.pnpm/vite@7.1.9_@types+node@24.7.0_jiti@2.6.1_lightningcss@1.30.1_tsx@4.20.6/node_modules/vite/dist/node/chunks/dep-CCSnTAeo.js' imported from /home/ubuntu/gestao-suprimentos-logistica/node_modules/.pnpm/vite@7.1.9_@types+node@24.7.0_jiti@2.6.1_lightningcss@1.30.1_tsx@4.20.6/node_modules/vite/dist/node/chunks/dep-Chhhsdoe.js
[2026-10-05T11:42:44.272Z] at finalizeResolution (node:internal/modules/esm/resolve:275:11)
[2026-10-05T11:42:44.272Z] at moduleResolve (node:internal/modules/esm/resolve:932:10)
[2026-10-05T11:42:44.272Z] at defaultResolve (node:internal/modules/esm/resolve:1056:11)
[2026-10-05T11:42:44.272Z] at nextResolve (node:internal/modules/esm/hooks:748:28)
[2026-10-05T11:42:44.272Z] at resolveBase (file:///home/ubuntu/gestao-suprimentos-logistica/node_modules/.pnpm/tsx@4.20.6/node_modules/tsx/dist/esm/index.mjs?1791199828088:2:3744)
[2026-10-05T11:42:44.272Z] at resolveDirectory (file:///home/ubuntu/gestao-suprimentos-logistica/node_modules/.pnpm/tsx@4.20.6/node_modules/tsx/dist/esm/index.mjs?1791199828088:2:4243)
[2026-10-05T11:42:44.272Z] at resolveTsPaths (file:///home/ubuntu/gestao-suprimentos-logistica/node_modules/.pnpm/tsx@4.20.6/node_modules/tsx/dist/esm/index.mjs?1791199828088:2:4984)
[2026-10-05T11:42:44.272Z] at resolve (file:///home/ubuntu/gestao-suprimentos-logistica/node_modules/.pnpm/tsx@4.20.6/node_modules/tsx/dist/esm/index.mjs?1791199828088:2:5361)
[2026-10-05T11:42:44.272Z] at nextResolve (node:internal/modules/esm/hooks:748:28)
[2026-10-05T11:42:44.272Z] at o (file:///home/ubuntu/gestao-suprimentos-logistica/node_modules/.pnpm/@tailwindcss+node@4.1.14/node_modules/@tailwindcss/node/dist/esm-cache.loader.mjs:1:69)
[2026-10-05T11:42:47.464Z] Error [ERR_MODULE_NOT_FOUND]: Cannot find module '/home/ubuntu/gestao-suprimentos-logistica/node_modules/.pnpm/vite@7.1.9_@types+node@24.7.0_jiti@2.6.1_lightningcss@1.30.1_tsx@4.20.6/node_modules/vite/dist/node/chunks/dep-CCSnTAeo.js' imported from /home/ubuntu/gestao-suprimentos-logistica/node_modules/.pnpm/vite@7.1.9_@types+node@24.7.0_jiti@2.6.1_lightningcss@1.30.1_tsx@4.20.6/node_modules/vite/dist/node/chunks/dep-Chhhsdoe.js
[2026-10-05T11:42:47.464Z] at finalizeResolution (node:internal/modules/esm/resolve:275:11)
[2026-10-05T11:42:47.464Z] at moduleResolve (node:internal/modules/esm/resolve:932:10)
[2026-10-05T11:42:47.464Z] at defaultResolve (node:internal/modules/esm/resolve:1056:11)
[2026-10-05T11:42:47.464Z] at nextResolve (node:internal/modules/esm/hooks:748:28)
[2026-10-05T11:42:47.464Z] at resolveBase (file:///home/ubuntu/gestao-suprimentos-logistica/node_modules/.pnpm/tsx@4.20.6/node_modules/tsx/dist/esm/index.mjs?1791199828088:2:3744)
[2026-10-05T11:42:47.464Z] at resolveDirectory (file:///home/ubuntu/gestao-suprimentos-logistica/node_modules/.pnpm/tsx@4.20.6/node_modules/tsx/dist/esm/index.mjs?1791199828088:2:4243)
[2026-10-05T11:42:47.464Z] at resolveTsPaths (file:///home/ubuntu/gestao-suprimentos-logistica/node_modules/.pnpm/tsx@4.20.6/node_modules/tsx/dist/esm/index.mjs?1791199828088:2:4984)
[2026-10-05T11:42:47.464Z] at resolve (file:///home/ubuntu/gestao-suprimentos-logistica/node_modules/.pnpm/tsx@4.20.6/node_modules/tsx/dist/esm/index.mjs?1791199828088:2:5361)
[2026-10-05T11:42:47.464Z] at nextResolve (node:internal/modules/esm/hooks:748:28)
[2026-10-05T11:42:47.464Z] at o (file:///home/ubuntu/gestao-suprimentos-logistica/node_modules/.pnpm/@tailwindcss+node@4.1.14/node_modules/@tailwindcss/node/dist/esm-cache.loader.mjs:1:69)
[2026-10-05T11:42:50.664Z] Error [ERR_MODULE_NOT_FOUND]: Cannot find module '/home/ubuntu/gestao-suprimentos-logistica/node_modules/.pnpm/vite@7.1.9_@types+node@24.7.0_jiti@2.6.1_lightningcss@1.30.1_tsx@4.20.6/node_modules/vite/dist/node/chunks/dep-CCSnTAeo.js' imported from /home/ubuntu/gestao-suprimentos-logistica/node_modules/.pnpm/vite@7.1.9_@types+node@24.7.0_jiti@2.6.1_lightningcss@1.30.1_tsx@4.20.6/node_modules/vite/dist/node/chunks/dep-Chhhsdoe.js
[2026-10-05T11:42:50.665Z] at finalizeResolution (node:internal/modules/esm/resolve:275:11)
[2026-10-05T11:42:50.665Z] at moduleResolve (node:internal/modules/esm/resolve:932:10)
[2026-10-05T11:42:50.665Z] at defaultResolve (node:internal/modules/esm/resolve:1056:11)
[2026-10-05T11:42:50.665Z] at nextResolve (node:internal/modules/esm/hooks:748:28)
[2026-10-05T11:42:50.665Z] at resolveBase (file:///home/ubuntu/gestao-suprimentos-logistica/node_modules/.pnpm/tsx@4.20.6/node_modules/tsx/dist/esm/index.mjs?1791199828088:2:3744)
[2026-10-05T11:42:50.665Z] at resolveDirectory (file:///home/ubuntu/gestao-suprimentos-logistica/node_modules/.pnpm/tsx@4.20.6/node_modules/tsx/dist/esm/index.mjs?1791199828088:2:4243)
[2026-10-05T11:42:50.665Z] at resolveTsPaths (file:///home/ubuntu/gestao-suprimentos-logistica/node_modules/.pnpm/tsx@4.20.6/node_modules/tsx/dist/esm/index.mjs?1791199828088:2:4984)
[2026-10-05T11:42:50.665Z] at resolve (file:///home/ubuntu/gestao-suprimentos-logistica/node_modules/.pnpm/tsx@4.20.6/node_modules/tsx/dist/esm/index.mjs?1791199828088:2:5361)
[2026-10-05T11:42:50.665Z] at nextResolve (node:internal/modules/esm/hooks:748:28)
[2026-10-05T11:42:50.665Z] at o (file:///home/ubuntu/gestao-suprimentos-logistica/node_modules/.pnpm/@tailwindcss+node@4.1.14/node_modules/@tailwindcss/node/dist/esm-cache.loader.mjs:1:69)
[2026-10-05T11:42:53.845Z] Error [ERR_MODULE_NOT_FOUND]: Cannot find module '/home/ubuntu/gestao-suprimentos-logistica/node_modules/.pnpm/vite@7.1.9_@types+node@24.7.0_jiti@2.6.1_lightningcss@1.30.1_tsx@4.20.6/node_modules/vite/dist/node/chunks/dep-CCSnTAeo.js' imported from /home/ubuntu/gestao-suprimentos-logistica/node_modules/.pnpm/vite@7.1.9_@types+node@24.7.0_jiti@2.6.1_lightningcss@1.30.1_tsx@4.20.6/node_modules/vite/dist/node/chunks/dep-Chhhsdoe.js
[2026-10-05T11:42:53.846Z] at finalizeResolution (node:internal/modules/esm/resolve:275:11)
[2026-10-05T11:42:53.846Z] at moduleResolve (node:internal/modules/esm/resolve:932:10)
[2026-10-05T11:42:53.846Z] at defaultResolve (node:internal/modules/esm/resolve:1056:11)
[2026-10-05T11:42:53.846Z] at nextResolve (node:internal/modules/esm/hooks:748:28)
[2026-10-05T11:42:53.846Z] at resolveBase (file:///home/ubuntu/gestao-suprimentos-logistica/node_modules/.pnpm/tsx@4.20.6/node_modules/tsx/dist/esm/index.mjs?1791199828088:2:3744)
[2026-10-05T11:42:53.846Z] at resolveDirectory (file:///home/ubuntu/gestao-suprimentos-logistica/node_modules/.pnpm/tsx@4.20.6/node_modules/tsx/dist/esm/index.mjs?1791199828088:2:4243)
[2026-10-05T11:42:53.846Z] at resolveTsPaths (file:///home/ubuntu/gestao-suprimentos-logistica/node_modules/.pnpm/tsx@4.20.6/node_modules/tsx/dist/esm/index.mjs?1791199828088:2:4984)
[2026-10-05T11:42:53.846Z] at resolve (file:///home/ubuntu/gestao-suprimentos-logistica/node_modules/.pnpm/tsx@4.20.6/node_modules/tsx/dist/esm/index.mjs?1791199828088:2:5361)
[2026-10-05T11:42:53.846Z] at nextResolve (node:internal/modules/esm/hooks:748:28)
[2026-10-05T11:42:53.846Z] at o (file:///home/ubuntu/gestao-suprimentos-logistica/node_modules/.pnpm/@tailwindcss+node@4.1.14/node_modules/@tailwindcss/node/dist/esm-cache.loader.mjs:1:69)
[2026-10-05T11:42:57.047Z] Error [ERR_MODULE_NOT_FOUND]: Cannot find module '/home/ubuntu/gestao-suprimentos-logistica/node_modules/.pnpm/vite@7.1.9_@types+node@24.7.0_jiti@2.6.1_lightningcss@1.30.1_tsx@4.20.6/node_modules/vite/dist/node/chunks/dep-CCSnTAeo.js' imported from /home/ubuntu/gestao-suprimentos-logistica/node_modules/.pnpm/vite@7.1.9_@types+node@24.7.0_jiti@2.6.1_lightningcss@1.30.1_tsx@4.20.6/node_modules/vite/dist/node/chunks/dep-Chhhsdoe.js
[2026-10-05T11:42:57.047Z] at finalizeResolution (node:internal/modules/esm/resolve:275:11)
[2026-10-05T11:42:57.047Z] at moduleResolve (node:internal/modules/esm/resolve:932:10)
[2026-10-05T11:42:57.047Z] at defaultResolve (node:internal/modules/esm/resolve:1056:11)
[2026-10-05T11:42:57.047Z] at nextResolve (node:internal/modules/esm/hooks:748:28)
[2026-10-05T11:42:57.047Z] at resolveBase (file:///home/ubuntu/gestao-suprimentos-logistica/node_modules/.pnpm/tsx@4.20.6/node_modules/tsx/dist/esm/index.mjs?1791199828088:2:3744)
[2026-10-05T11:42:57.047Z] at resolveDirectory (file:///home/ubuntu/gestao-suprimentos-logistica/node_modules/.pnpm/tsx@4.20.6/node_modules/tsx/dist/esm/index.mjs?1791199828088:2:4243)
[2026-10-05T11:42:57.047Z] at resolveTsPaths (file:///home/ubuntu/gestao-suprimentos-logistica/node_modules/.pnpm/tsx@4.20.6/node_modules/tsx/dist/esm/index.mjs?1791199828088:2:4984)
[2026-10-05T11:42:57.047Z] at resolve (file:///home/ubuntu/gestao-suprimentos-logistica/node_modules/.pnpm/tsx@4.20.6/node_modules/tsx/dist/esm/index.mjs?1791199828088:2:5361)
[2026-10-05T11:42:57.047Z] at nextResolve (node:internal/modules/esm/hooks:748:28)
[2026-10-05T11:42:57.047Z] at o (file:///home/ubuntu/gestao-suprimentos-logistica/node_modules/.pnpm/@tailwindcss+node@4.1.14/node_modules/@tailwindcss/node/dist/esm-cache.loader.mjs:1:69)
[2026-10-05T11:43:00.263Z] Error [ERR_MODULE_NOT_FOUND]: Cannot find module '/home/ubuntu/gestao-suprimentos-logistica/node_modules/.pnpm/vite@7.1.9_@types+node@24.7.0_jiti@2.6.1_lightningcss@1.30.1_tsx@4.20.6/node_modules/vite/dist/node/chunks/dep-CCSnTAeo.js' imported from /home/ubuntu/gestao-suprimentos-logistica/node_modules/.pnpm/vite@7.1.9_@types+node@24.7.0_jiti@2.6.1_lightningcss@1.30.1_tsx@4.20.6/node_modules/vite/dist/node/chunks/dep-Chhhsdoe.js
[2026-10-05T11:43:00.263Z] at finalizeResolution (node:internal/modules/esm/resolve:275:11)
[2026-10-05T11:43:00.263Z] at moduleResolve (node:internal/modules/esm/resolve:932:10)
[2026-10-05T11:43:00.263Z] at defaultResolve (node:internal/modules/esm/resolve:1056:11)
[2026-10-05T11:43:00.263Z] at nextResolve (node:internal/modules/esm/hooks:748:28)
[2026-10-05T11:43:00.263Z] at resolveBase (file:///home/ubuntu/gestao-suprimentos-logistica/node_modules/.pnpm/tsx@4.20.6/node_modules/tsx/dist/esm/index.mjs?1791199828088:2:3744)
[2026-10-05T11:43:00.263Z] at resolveDirectory (file:///home/ubuntu/gestao-suprimentos-logistica/node_modules/.pnpm/tsx@4.20.6/node_modules/tsx/dist/esm/index.mjs?1791199828088:2:4243)
[2026-10-05T11:43:00.263Z] at resolveTsPaths (file:///home/ubuntu/gestao-suprimentos-logistica/node_modules/.pnpm/tsx@4.20.6/node_modules/tsx/dist/esm/index.mjs?1791199828088:2:4984)
[2026-10-05T11:43:00.263Z] at resolve (file:///home/ubuntu/gestao-suprimentos-logistica/node_modules/.pnpm/tsx@4.20.6/node_modules/tsx/dist/esm/index.mjs?1791199828088:2:5361)
[2026-10-05T11:43:00.263Z] at nextResolve (node:internal/modules/esm/hooks:748:28)
[2026-10-05T11:43:00.263Z] at o (file:///home/ubuntu/gestao-suprimentos-logistica/node_modules/.pnpm/@tailwindcss+node@4.1.14/node_modules/@tailwindcss/node/dist/esm-cache.loader.mjs:1:69)
[2026-10-05T11:43:03.469Z] Error [ERR_MODULE_NOT_FOUND]: Cannot find module '/home/ubuntu/gestao-suprimentos-logistica/node_modules/.pnpm/vite@7.1.9_@types+node@24.7.0_jiti@2.6.1_lightningcss@1.30.1_tsx@4.20.6/node_modules/vite/dist/node/chunks/dep-CCSnTAeo.js' imported from /home/ubuntu/gestao-suprimentos-logistica/node_modules/.pnpm/vite@7.1.9_@types+node@24.7.0_jiti@2.6.1_lightningcss@1.30.1_tsx@4.20.6/node_modules/vite/dist/node/chunks/dep-Chhhsdoe.js
[2026-10-05T11:43:03.469Z] at finalizeResolution (node:internal/modules/esm/resolve:275:11)
[2026-10-05T11:43:03.469Z] at moduleResolve (node:internal/modules/esm/resolve:932:10)
[2026-10-05T11:43:03.469Z] at defaultResolve (node:internal/modules/esm/resolve:1056:11)
[2026-10-05T11:43:03.469Z] at nextResolve (node:internal/modules/esm/hooks:748:28)
[2026-10-05T11:43:03.469Z] at resolveBase (file:///home/ubuntu/gestao-suprimentos-logistica/node_modules/.pnpm/tsx@4.20.6/node_modules/tsx/dist/esm/index.mjs?1791199828088:2:3744)
[2026-10-05T11:43:03.469Z] at resolveDirectory (file:///home/ubuntu/gestao-suprimentos-logistica/node_modules/.pnpm/tsx@4.20.6/node_modules/tsx/dist/esm/index.mjs?1791199828088:2:4243)
[2026-10-05T11:43:03.469Z] at resolveTsPaths (file:///home/ubuntu/gestao-suprimentos-logistica/node_modules/.pnpm/tsx@4.20.6/node_modules/tsx/dist/esm/index.mjs?1791199828088:2:4984)
[2026-10-05T11:43:03.469Z] at resolve (file:///home/ubuntu/gestao-suprimentos-logistica/node_modules/.pnpm/tsx@4.20.6/node_modules/tsx/dist/esm/index.mjs?1791199828088:2:5361)
[2026-10-05T11:43:03.469Z] at nextResolve (node:internal/modules/esm/hooks:748:28)
[2026-10-05T11:43:03.469Z] at o (file:///home/ubuntu/gestao-suprimentos-logistica/node_modules/.pnpm/@tailwindcss+node@4.1.14/node_modules/@tailwindcss/node/dist/esm-cache.loader.mjs:1:69)
[2026-10-05T11:43:06.672Z] Error [ERR_MODULE_NOT_FOUND]: Cannot find module '/home/ubuntu/gestao-suprimentos-logistica/node_modules/.pnpm/vite@7.1.9_@types+node@24.7.0_jiti@2.6.1_lightningcss@1.30.1_tsx@4.20.6/node_modules/vite/dist/node/chunks/dep-CCSnTAeo.js' imported from /home/ubuntu/gestao-suprimentos-logistica/node_modules/.pnpm/vite@7.1.9_@types+node@24.7.0_jiti@2.6.1_lightningcss@1.30.1_tsx@4.20.6/node_modules/vite/dist/node/chunks/dep-Chhhsdoe.js
[2026-10-05T11:43:06.672Z] at finalizeResolution (node:internal/modules/esm/resolve:275:11)
[2026-10-05T11:43:06.672Z] at moduleResolve (node:internal/modules/esm/resolve:932:10)
[2026-10-05T11:43:06.672Z] at defaultResolve (node:internal/modules/esm/resolve:1056:11)
[2026-10-05T11:43:06.672Z] at nextResolve (node:internal/modules/esm/hooks:748:28)
[2026-10-05T11:43:06.672Z] at resolveBase (file:///home/ubuntu/gestao-suprimentos-logistica/node_modules/.pnpm/tsx@4.20.6/node_modules/tsx/dist/esm/index.mjs?1791199828088:2:3744)
[2026-10-05T11:43:06.672Z] at resolveDirectory (file:///home/ubuntu/gestao-suprimentos-logistica/node_modules/.pnpm/tsx@4.20.6/node_modules/tsx/dist/esm/index.mjs?1791199828088:2:4243)
[2026-10-05T11:43:06.672Z] at resolveTsPaths (file:///home/ubuntu/gestao-suprimentos-logistica/node_modules/.pnpm/tsx@4.20.6/node_modules/tsx/dist/esm/index.mjs?1791199828088:2:4984)
[2026-10-05T11:43:06.672Z] at resolve (file:///home/ubuntu/gestao-suprimentos-logistica/node_modules/.pnpm/tsx@4.20.6/node_modules/tsx/dist/esm/index.mjs?1791199828088:2:5361)
[2026-10-05T11:43:06.672Z] at nextResolve (node:internal/modules/esm/hooks:748:28)
[2026-10-05T11:43:06.672Z] at o (file:///home/ubuntu/gestao-suprimentos-logistica/node_modules/.pnpm/@tailwindcss+node@4.1.14/node_modules/@tailwindcss/node/dist/esm-cache.loader.mjs:1:69)
[2026-10-05T11:43:09.878Z] Error [ERR_MODULE_NOT_FOUND]: Cannot find module '/home/ubuntu/gestao-suprimentos-logistica/node_modules/.pnpm/vite@7.1.9_@types+node@24.7.0_jiti@2.6.1_lightningcss@1.30.1_tsx@4.20.6/node_modules/vite/dist/node/chunks/dep-CCSnTAeo.js' imported from /home/ubuntu/gestao-suprimentos-logistica/node_modules/.pnpm/vite@7.1.9_@types+node@24.7.0_jiti@2.6.1_lightningcss@1.30.1_tsx@4.20.6/node_modules/vite/dist/node/chunks/dep-Chhhsdoe.js
[2026-10-05T11:43:09.878Z] at finalizeResolution (node:internal/modules/esm/resolve:275:11)
[2026-10-05T11:43:09.878Z] at moduleResolve (node:internal/modules/esm/resolve:932:10)
[2026-10-05T11:43:09.878Z] at defaultResolve (node:internal/modules/esm/resolve:1056:11)
[2026-10-05T11:43:09.878Z] at nextResolve (node:internal/modules/esm/hooks:748:28)
[2026-10-05T11:43:09.878Z] at resolveBase (file:///home/ubuntu/gestao-suprimentos-logistica/node_modules/.pnpm/tsx@4.20.6/node_modules/tsx/dist/esm/index.mjs?1791199828088:2:3744)
[2026-10-05T11:43:09.878Z] at resolveDirectory (file:///home/ubuntu/gestao-suprimentos-logistica/node_modules/.pnpm/tsx@4.20.6/node_modules/tsx/dist/esm/index.mjs?1791199828088:2:4243)
[2026-10-05T11:43:09.878Z] at resolveTsPaths (file:///home/ubuntu/gestao-suprimentos-logistica/node_modules/.pnpm/tsx@4.20.6/node_modules/tsx/dist/esm/index.mjs?1791199828088:2:4984)
[2026-10-05T11:43:09.878Z] at resolve (file:///home/ubuntu/gestao-suprimentos-logistica/node_modules/.pnpm/tsx@4.20.6/node_modules/tsx/dist/esm/index.mjs?1791199828088:2:5361)
[2026-10-05T11:43:09.878Z] at nextResolve (node:internal/modules/esm/hooks:748:28)
[2026-10-05T11:43:09.878Z] at o (file:///home/ubuntu/gestao-suprimentos-logistica/node_modules/.pnpm/@tailwindcss+node@4.1.14/node_modules/@tailwindcss/node/dist/esm-cache.loader.mjs:1:69)
[2026-10-05T11:43:13.082Z] Error [ERR_MODULE_NOT_FOUND]: Cannot find module '/home/ubuntu/gestao-suprimentos-logistica/node_modules/.pnpm/vite@7.1.9_@types+node@24.7.0_jiti@2.6.1_lightningcss@1.30.1_tsx@4.20.6/node_modules/vite/dist/node/chunks/dep-CCSnTAeo.js' imported from /home/ubuntu/gestao-suprimentos-logistica/node_modules/.pnpm/vite@7.1.9_@types+node@24.7.0_jiti@2.6.1_lightningcss@1.30.1_tsx@4.20.6/node_modules/vite/dist/node/chunks/dep-Chhhsdoe.js
[2026-10-05T11:43:13.082Z] at finalizeResolution (node:internal/modules/esm/resolve:275:11)
[2026-10-05T11:43:13.082Z] at moduleResolve (node:internal/modules/esm/resolve:932:10)
[2026-10-05T11:43:13.082Z] at defaultResolve (node:internal/modules/esm/resolve:1056:11)
[2026-10-05T11:43:13.082Z] at nextResolve (node:internal/modules/esm/hooks:748:28)
[2026-10-05T11:43:13.082Z] at resolveBase (file:///home/ubuntu/gestao-suprimentos-logistica/node_modules/.pnpm/tsx@4.20.6/node_modules/tsx/dist/esm/index.mjs?1791199828088:2:3744)
[2026-10-05T11:43:13.082Z] at resolveDirectory (file:///home/ubuntu/gestao-suprimentos-logistica/node_modules/.pnpm/tsx@4.20.6/node_modules/tsx/dist/esm/index.mjs?1791199828088:2:4243)
[2026-10-05T11:43:13.082Z] at resolveTsPaths (file:///home/ubuntu/gestao-suprimentos-logistica/node_modules/.pnpm/tsx@4.20.6/node_modules/tsx/dist/esm/index.mjs?1791199828088:2:4984)
[2026-10-05T11:43:13.082Z] at resolve (file:///home/ubuntu/gestao-suprimentos-logistica/node_modules/.pnpm/tsx@4.20.6/node_modules/tsx/dist/esm/index.mjs?1791199828088:2:5361)
[2026-10-05T11:43:13.082Z] at nextResolve (node:internal/modules/esm/hooks:748:28)
[2026-10-05T11:43:13.082Z] at o (file:///home/ubuntu/gestao-suprimentos-logistica/node_modules/.pnpm/@tailwindcss+node@4.1.14/node_modules/@tailwindcss/node/dist/esm-cache.loader.mjs:1:69)
[2026-10-05T11:43:16.274Z] Error [ERR_MODULE_NOT_FOUND]: Cannot find module '/home/ubuntu/gestao-suprimentos-logistica/node_modules/.pnpm/vite@7.1.9_@types+node@24.7.0_jiti@2.6.1_lightningcss@1.30.1_tsx@4.20.6/node_modules/vite/dist/node/chunks/dep-CCSnTAeo.js' imported from /home/ubuntu/gestao-suprimentos-logistica/node_modules/.pnpm/vite@7.1.9_@types+node@24.7.0_jiti@2.6.1_lightningcss@1.30.1_tsx@4.20.6/node_modules/vite/dist/node/chunks/dep-Chhhsdoe.js
[2026-10-05T11:43:16.274Z] at finalizeResolution (node:internal/modules/esm/resolve:275:11)
[2026-10-05T11:43:16.274Z] at moduleResolve (node:internal/modules/esm/resolve:932:10)
[2026-10-05T11:43:16.274Z] at defaultResolve (node:internal/modules/esm/resolve:1056:11)
[2026-10-05T11:43:16.274Z] at nextResolve (node:internal/modules/esm/hooks:748:28)
[2026-10-05T11:43:16.274Z] at resolveBase (file:///home/ubuntu/gestao-suprimentos-logistica/node_modules/.pnpm/tsx@4.20.6/node_modules/tsx/dist/esm/index.mjs?1791199828088:2:3744)
[2026-10-05T11:43:16.274Z] at resolveDirectory (file:///home/ubuntu/gestao-suprimentos-logistica/node_modules/.pnpm/tsx@4.20.6/node_modules/tsx/dist/esm/index.mjs?1791199828088:2:4243)
[2026-10-05T11:43:16.274Z] at resolveTsPaths (file:///home/ubuntu/gestao-suprimentos-logistica/node_modules/.pnpm/tsx@4.20.6/node_modules/tsx/dist/esm/index.mjs?1791199828088:2:4984)
[2026-10-05T11:43:16.274Z] at resolve (file:///home/ubuntu/gestao-suprimentos-logistica/node_modules/.pnpm/tsx@4.20.6/node_modules/tsx/dist/esm/index.mjs?1791199828088:2:5361)
[2026-10-05T11:43:16.274Z] at nextResolve (node:internal/modules/esm/hooks:748:28)
[2026-10-05T11:43:16.274Z] at o (file:///home/ubuntu/gestao-suprimentos-logistica/node_modules/.pnpm/@tailwindcss+node@4.1.14/node_modules/@tailwindcss/node/dist/esm-cache.loader.mjs:1:69)
[2026-10-05T11:43:19.473Z] Error [ERR_MODULE_NOT_FOUND]: Cannot find module '/home/ubuntu/gestao-suprimentos-logistica/node_modules/.pnpm/vite@7.1.9_@types+node@24.7.0_jiti@2.6.1_lightningcss@1.30.1_tsx@4.20.6/node_modules/vite/dist/node/chunks/dep-CCSnTAeo.js' imported from /home/ubuntu/gestao-suprimentos-logistica/node_modules/.pnpm/vite@7.1.9_@types+node@24.7.0_jiti@2.6.1_lightningcss@1.30.1_tsx@4.20.6/node_modules/vite/dist/node/chunks/dep-Chhhsdoe.js
[2026-10-05T11:43:19.473Z] at finalizeResolution (node:internal/modules/esm/resolve:275:11)
[2026-10-05T11:43:19.473Z] at moduleResolve (node:internal/modules/esm/resolve:932:10)
[2026-10-05T11:43:19.473Z] at defaultResolve (node:internal/modules/esm/resolve:1056:11)
[2026-10-05T11:43:19.473Z] at nextResolve (node:internal/modules/esm/hooks:748:28)
[2026-10-05T11:43:19.473Z] at resolveBase (file:///home/ubuntu/gestao-suprimentos-logistica/node_modules/.pnpm/tsx@4.20.6/node_modules/tsx/dist/esm/index.mjs?1791199828088:2:3744)
[2026-10-05T11:43:19.473Z] at resolveDirectory (file:///home/ubuntu/gestao-suprimentos-logistica/node_modules/.pnpm/tsx@4.20.6/node_modules/tsx/dist/esm/index.mjs?1791199828088:2:4243)
[2026-10-05T11:43:19.473Z] at resolveTsPaths (file:///home/ubuntu/gestao-suprimentos-logistica/node_modules/.pnpm/tsx@4.20.6/node_modules/tsx/dist/esm/index.mjs?1791199828088:2:4984)
[2026-10-05T11:43:19.473Z] at resolve (file:///home/ubuntu/gestao-suprimentos-logistica/node_modules/.pnpm/tsx@4.20.6/node_modules/tsx/dist/esm/index.mjs?1791199828088:2:5361)
[2026-10-05T11:43:19.473Z] at nextResolve (node:internal/modules/esm/hooks:748:28)
[2026-10-05T11:43:19.473Z] at o (file:///home/ubuntu/gestao-suprimentos-logistica/node_modules/.pnpm/@tailwindcss+node@4.1.14/node_modules/@tailwindcss/node/dist/esm-cache.loader.mjs:1:69)
[2026-10-05T11:43:22.673Z] Error [ERR_MODULE_NOT_FOUND]: Cannot find module '/home/ubuntu/gestao-suprimentos-logistica/node_modules/.pnpm/vite@7.1.9_@types+node@24.7.0_jiti@2.6.1_lightningcss@1.30.1_tsx@4.20.6/node_modules/vite/dist/node/chunks/dep-CCSnTAeo.js' imported from /home/ubuntu/gestao-suprimentos-logistica/node_modules/.pnpm/vite@7.1.9_@types+node@24.7.0_jiti@2.6.1_lightningcss@1.30.1_tsx@4.20.6/node_modules/vite/dist/node/chunks/dep-Chhhsdoe.js
[2026-10-05T11:43:22.673Z] at finalizeResolution (node:internal/modules/esm/resolve:275:11)
[2026-10-05T11:43:22.673Z] at moduleResolve (node:internal/modules/esm/resolve:932:10)
[2026-10-05T11:43:22.673Z] at defaultResolve (node:internal/modules/esm/resolve:1056:11)
[2026-10-05T11:43:22.673Z] at nextResolve (node:internal/modules/esm/hooks:748:28)
[2026-10-05T11:43:22.673Z] at resolveBase (file:///home/ubuntu/gestao-suprimentos-logistica/node_modules/.pnpm/tsx@4.20.6/node_modules/tsx/dist/esm/index.mjs?1791199828088:2:3744)
[2026-10-05T11:43:22.673Z] at resolveDirectory (file:///home/ubuntu/gestao-suprimentos-logistica/node_modules/.pnpm/tsx@4.20.6/node_modules/tsx/dist/esm/index.mjs?1791199828088:2:4243)
[2026-10-05T11:43:22.673Z] at resolveTsPaths (file:///home/ubuntu/gestao-suprimentos-logistica/node_modules/.pnpm/tsx@4.20.6/node_modules/tsx/dist/esm/index.mjs?1791199828088:2:4984)
[2026-10-05T11:43:22.673Z] at resolve (file:///home/ubuntu/gestao-suprimentos-logistica/node_modules/.pnpm/tsx@4.20.6/node_modules/tsx/dist/esm/index.mjs?1791199828088:2:5361)
[2026-10-05T11:43:22.673Z] at nextResolve (node:internal/modules/esm/hooks:748:28)
[2026-10-05T11:43:22.673Z] at o (file:///home/ubuntu/gestao-suprimentos-logistica/node_modules/.pnpm/@tailwindcss+node@4.1.14/node_modules/@tailwindcss/node/dist/esm-cache.loader.mjs:1:69)
[2026-10-05T11:43:25.885Z] Error [ERR_MODULE_NOT_FOUND]: Cannot find module '/home/ubuntu/gestao-suprimentos-logistica/node_modules/.pnpm/vite@7.1.9_@types+node@24.7.0_jiti@2.6.1_lightningcss@1.30.1_tsx@4.20.6/node_modules/vite/dist/node/chunks/dep-CCSnTAeo.js' imported from /home/ubuntu/gestao-suprimentos-logistica/node_modules/.pnpm/vite@7.1.9_@types+node@24.7.0_jiti@2.6.1_lightningcss@1.30.1_tsx@4.20.6/node_modules/vite/dist/node/chunks/dep-Chhhsdoe.js
[2026-10-05T11:43:25.885Z] at finalizeResolution (node:internal/modules/esm/resolve:275:11)
[2026-10-05T11:43:25.885Z] at moduleResolve (node:internal/modules/esm/resolve:932:10)
[2026-10-05T11:43:25.885Z] at defaultResolve (node:internal/modules/esm/resolve:1056:11)
[2026-10-05T11:43:25.885Z] at nextResolve (node:internal/modules/esm/hooks:748:28)
[2026-10-05T11:43:25.885Z] at resolveBase (file:///home/ubuntu/gestao-suprimentos-logistica/node_modules/.pnpm/tsx@4.20.6/node_modules/tsx/dist/esm/index.mjs?1791199828088:2:3744)
[2026-10-05T11:43:25.885Z] at resolveDirectory (file:///home/ubuntu/gestao-suprimentos-logistica/node_modules/.pnpm/tsx@4.20.6/node_modules/tsx/dist/esm/index.mjs?1791199828088:2:4243)
[2026-10-05T11:43:25.885Z] at resolveTsPaths (file:///home/ubuntu/gestao-suprimentos-logistica/node_modules/.pnpm/tsx@4.20.6/node_modules/tsx/dist/esm/index.mjs?1791199828088:2:4984)
[2026-10-05T11:43:25.885Z] at resolve (file:///home/ubuntu/gestao-suprimentos-logistica/node_modules/.pnpm/tsx@4.20.6/node_modules/tsx/dist/esm/index.mjs?1791199828088:2:5361)
[2026-10-05T11:43:25.885Z] at nextResolve (node:internal/modules/esm/hooks:748:28)
[2026-10-05T11:43:25.885Z] at o (file:///home/ubuntu/gestao-suprimentos-logistica/node_modules/.pnpm/@tailwindcss+node@4.1.14/node_modules/@tailwindcss/node/dist/esm-cache.loader.mjs:1:69)
[2026-10-05T11:43:29.106Z] Error [ERR_MODULE_NOT_FOUND]: Cannot find module '/home/ubuntu/gestao-suprimentos-logistica/node_modules/.pnpm/vite@7.1.9_@types+node@24.7.0_jiti@2.6.1_lightningcss@1.30.1_tsx@4.20.6/node_modules/vite/dist/node/chunks/dep-CCSnTAeo.js' imported from /home/ubuntu/gestao-suprimentos-logistica/node_modules/.pnpm/vite@7.1.9_@types+node@24.7.0_jiti@2.6.1_lightningcss@1.30.1_tsx@4.20.6/node_modules/vite/dist/node/chunks/dep-Chhhsdoe.js
[2026-10-05T11:43:29.106Z] at finalizeResolution (node:internal/modules/esm/resolve:275:11)
[2026-10-05T11:43:29.106Z] at moduleResolve (node:internal/modules/esm/resolve:932:10)
[2026-10-05T11:43:29.106Z] at defaultResolve (node:internal/modules/esm/resolve:1056:11)
[2026-10-05T11:43:29.106Z] at nextResolve (node:internal/modules/esm/hooks:748:28)
[2026-10-05T11:43:29.106Z] at resolveBase (file:///home/ubuntu/gestao-suprimentos-logistica/node_modules/.pnpm/tsx@4.20.6/node_modules/tsx/dist/esm/index.mjs?1791199828088:2:3744)
[2026-10-05T11:43:29.106Z] at resolveDirectory (file:///home/ubuntu/gestao-suprimentos-logistica/node_modules/.pnpm/tsx@4.20.6/node_modules/tsx/dist/esm/index.mjs?1791199828088:2:4243)
[2026-10-05T11:43:29.106Z] at resolveTsPaths (file:///home/ubuntu/gestao-suprimentos-logistica/node_modules/.pnpm/tsx@4.20.6/node_modules/tsx/dist/esm/index.mjs?1791199828088:2:4984)
[2026-10-05T11:43:29.106Z] at resolve (file:///home/ubuntu/gestao-suprimentos-logistica/node_modules/.pnpm/tsx@4.20.6/node_modules/tsx/dist/esm/index.mjs?1791199828088:2:5361)
[2026-10-05T11:43:29.106Z] at nextResolve (node:internal/modules/esm/hooks:748:28)
[2026-10-05T11:43:29.106Z] at o (file:///home/ubuntu/gestao-suprimentos-logistica/node_modules/.pnpm/@tailwindcss+node@4.1.14/node_modules/@tailwindcss/node/dist/esm-cache.loader.mjs:1:69)
[2026-10-05T11:43:32.315Z] Error [ERR_MODULE_NOT_FOUND]: Cannot find module '/home/ubuntu/gestao-suprimentos-logistica/node_modules/.pnpm/vite@7.1.9_@types+node@24.7.0_jiti@2.6.1_lightningcss@1.30.1_tsx@4.20.6/node_modules/vite/dist/node/chunks/dep-CCSnTAeo.js' imported from /home/ubuntu/gestao-suprimentos-logistica/node_modules/.pnpm/vite@7.1.9_@types+node@24.7.0_jiti@2.6.1_lightningcss@1.30.1_tsx@4.20.6/node_modules/vite/dist/node/chunks/dep-Chhhsdoe.js
[2026-10-05T11:43:32.315Z] at finalizeResolution (node:internal/modules/esm/resolve:275:11)
[2026-10-05T11:43:32.315Z] at moduleResolve (node:internal/modules/esm/resolve:932:10)
[2026-10-05T11:43:32.315Z] at defaultResolve (node:internal/modules/esm/resolve:1056:11)
[2026-10-05T11:43:32.315Z] at nextResolve (node:internal/modules/esm/hooks:748:28)
[2026-10-05T11:43:32.315Z] at resolveBase (file:///home/ubuntu/gestao-suprimentos-logistica/node_modules/.pnpm/tsx@4.20.6/node_modules/tsx/dist/esm/index.mjs?1791199828088:2:3744)
[2026-10-05T11:43:32.315Z] at resolveDirectory (file:///home/ubuntu/gestao-suprimentos-logistica/node_modules/.pnpm/tsx@4.20.6/node_modules/tsx/dist/esm/index.mjs?1791199828088:2:4243)
[2026-10-05T11:43:32.315Z] at resolveTsPaths (file:///home/ubuntu/gestao-suprimentos-logistica/node_modules/.pnpm/tsx@4.20.6/node_modules/tsx/dist/esm/index.mjs?1791199828088:2:4984)
[2026-10-05T11:43:32.315Z] at resolve (file:///home/ubuntu/gestao-suprimentos-logistica/node_modules/.pnpm/tsx@4.20.6/node_modules/tsx/dist/esm/index.mjs?1791199828088:2:5361)
[2026-10-05T11:43:32.315Z] at nextResolve (node:internal/modules/esm/hooks:748:28)
[2026-10-05T11:43:32.315Z] at o (file:///home/ubuntu/gestao-suprimentos-logistica/node_modules/.pnpm/@tailwindcss+node@4.1.14/node_modules/@tailwindcss/node/dist/esm-cache.loader.mjs:1:69)
[2026-10-05T11:43:35.531Z] Error [ERR_MODULE_NOT_FOUND]: Cannot find module '/home/ubuntu/gestao-suprimentos-logistica/node_modules/.pnpm/vite@7.1.9_@types+node@24.7.0_jiti@2.6.1_lightningcss@1.30.1_tsx@4.20.6/node_modules/vite/dist/node/chunks/dep-CCSnTAeo.js' imported from /home/ubuntu/gestao-suprimentos-logistica/node_modules/.pnpm/vite@7.1.9_@types+node@24.7.0_jiti@2.6.1_lightningcss@1.30.1_tsx@4.20.6/node_modules/vite/dist/node/chunks/dep-Chhhsdoe.js
[2026-10-05T11:43:35.531Z] at finalizeResolution (node:internal/modules/esm/resolve:275:11)
[2026-10-05T11:43:35.531Z] at moduleResolve (node:internal/modules/esm/resolve:932:10)
[2026-10-05T11:43:35.531Z] at defaultResolve (node:internal/modules/esm/resolve:1056:11)
[2026-10-05T11:43:35.531Z] at nextResolve (node:internal/modules/esm/hooks:748:28)
[2026-10-05T11:43:35.531Z] at resolveBase (file:///home/ubuntu/gestao-suprimentos-logistica/node_modules/.pnpm/tsx@4.20.6/node_modules/tsx/dist/esm/index.mjs?1791199828088:2:3744)
[2026-10-05T11:43:35.531Z] at resolveDirectory (file:///home/ubuntu/gestao-suprimentos-logistica/node_modules/.pnpm/tsx@4.20.6/node_modules/tsx/dist/esm/index.mjs?1791199828088:2:4243)
[2026-10-05T11:43:35.531Z] at resolveTsPaths (file:///home/ubuntu/gestao-suprimentos-logistica/node_modules/.pnpm/tsx@4.20.6/node_modules/tsx/dist/esm/index.mjs?1791199828088:2:4984)
[2026-10-05T11:43:35.531Z] at resolve (file:///home/ubuntu/gestao-suprimentos-logistica/node_modules/.pnpm/tsx@4.20.6/node_modules/tsx/dist/esm/index.mjs?1791199828088:2:5361)
[2026-10-05T11:43:35.531Z] at nextResolve (node:internal/modules/esm/hooks:748:28)
[2026-10-05T11:43:35.531Z] at o (file:///home/ubuntu/gestao-suprimentos-logistica/node_modules/.pnpm/@tailwindcss+node@4.1.14/node_modules/@tailwindcss/node/dist/esm-cache.loader.mjs:1:69)
[2026-10-05T11:43:38.727Z] Error [ERR_MODULE_NOT_FOUND]: Cannot find module '/home/ubuntu/gestao-suprimentos-logistica/node_modules/.pnpm/vite@7.1.9_@types+node@24.7.0_jiti@2.6.1_lightningcss@1.30.1_tsx@4.20.6/node_modules/vite/dist/node/chunks/dep-CCSnTAeo.js' imported from /home/ubuntu/gestao-suprimentos-logistica/node_modules/.pnpm/vite@7.1.9_@types+node@24.7.0_jiti@2.6.1_lightningcss@1.30.1_tsx@4.20.6/node_modules/vite/dist/node/chunks/dep-Chhhsdoe.js
[2026-10-05T11:43:38.727Z] at finalizeResolution (node:internal/modules/esm/resolve:275:11)
[2026-10-05T11:43:38.727Z] at moduleResolve (node:internal/modules/esm/resolve:932:10)
[2026-10-05T11:43:38.727Z] at defaultResolve (node:internal/modules/esm/resolve:1056:11)
[2026-10-05T11:43:38.727Z] at nextResolve (node:internal/modules/esm/hooks:748:28)
[2026-10-05T11:43:38.727Z] at resolveBase (file:///home/ubuntu/gestao-suprimentos-logistica/node_modules/.pnpm/tsx@4.20.6/node_modules/tsx/dist/esm/index.mjs?1791199828088:2:3744)
[2026-10-05T11:43:38.727Z] at resolveDirectory (file:///home/ubuntu/gestao-suprimentos-logistica/node_modules/.pnpm/tsx@4.20.6/node_modules/tsx/dist/esm/index.mjs?1791199828088:2:4243)
[2026-10-05T11:43:38.727Z] at resolveTsPaths (file:///home/ubuntu/gestao-suprimentos-logistica/node_modules/.pnpm/tsx@4.20.6/node_modules/tsx/dist/esm/index.mjs?1791199828088:2:4984)
[2026-10-05T11:43:38.727Z] at resolve (file:///home/ubuntu/gestao-suprimentos-logistica/node_modules/.pnpm/tsx@4.20.6/node_modules/tsx/dist/esm/index.mjs?1791199828088:2:5361)
[2026-10-05T11:43:38.727Z] at nextResolve (node:internal/modules/esm/hooks:748:28)
[2026-10-05T11:43:38.727Z] at o (file:///home/ubuntu/gestao-suprimentos-logistica/node_modules/.pnpm/@tailwindcss+node@4.1.14/node_modules/@tailwindcss/node/dist/esm-cache.loader.mjs:1:69)
[2026-10-05T11:43:41.941Z] Error [ERR_MODULE_NOT_FOUND]: Cannot find module '/home/ubuntu/gestao-suprimentos-logistica/node_modules/.pnpm/vite@7.1.9_@types+node@24.7.0_jiti@2.6.1_lightningcss@1.30.1_tsx@4.20.6/node_modules/vite/dist/node/chunks/dep-CCSnTAeo.js' imported from /home/ubuntu/gestao-suprimentos-logistica/node_modules/.pnpm/vite@7.1.9_@types+node@24.7.0_jiti@2.6.1_lightningcss@1.30.1_tsx@4.20.6/node_modules/vite/dist/node/chunks/dep-Chhhsdoe.js
[2026-10-05T11:43:41.941Z] at finalizeResolution (node:internal/modules/esm/resolve:275:11)
[2026-10-05T11:43:41.941Z] at moduleResolve (node:internal/modules/esm/resolve:932:10)
[2026-10-05T11:43:41.941Z] at defaultResolve (node:internal/modules/esm/resolve:1056:11)
[2026-10-05T11:43:41.941Z] at nextResolve (node:internal/modules/esm/hooks:748:28)
[2026-10-05T11:43:41.941Z] at resolveBase (file:///home/ubuntu/gestao-suprimentos-logistica/node_modules/.pnpm/tsx@4.20.6/node_modules/tsx/dist/esm/index.mjs?1791199828088:2:3744)
[2026-10-05T11:43:41.941Z] at resolveDirectory (file:///home/ubuntu/gestao-suprimentos-logistica/node_modules/.pnpm/tsx@4.20.6/node_modules/tsx/dist/esm/index.mjs?1791199828088:2:4243)
[2026-10-05T11:43:41.941Z] at resolveTsPaths (file:///home/ubuntu/gestao-suprimentos-logistica/node_modules/.pnpm/tsx@4.20.6/node_modules/tsx/dist/esm/index.mjs?1791199828088:2:4984)
[2026-10-05T11:43:41.941Z] at resolve (file:///home/ubuntu/gestao-suprimentos-logistica/node_modules/.pnpm/tsx@4.20.6/node_modules/tsx/dist/esm/index.mjs?1791199828088:2:5361)
[2026-10-05T11:43:41.941Z] at nextResolve (node:internal/modules/esm/hooks:748:28)
[2026-10-05T11:43:41.941Z] at o (file:///home/ubuntu/gestao-suprimentos-logistica/node_modules/.pnpm/@tailwindcss+node@4.1.14/node_modules/@tailwindcss/node/dist/esm-cache.loader.mjs:1:69)
[2026-10-05T11:43:45.153Z] Error [ERR_MODULE_NOT_FOUND]: Cannot find module '/home/ubuntu/gestao-suprimentos-logistica/node_modules/.pnpm/vite@7.1.9_@types+node@24.7.0_jiti@2.6.1_lightningcss@1.30.1_tsx@4.20.6/node_modules/vite/dist/node/chunks/dep-CCSnTAeo.js' imported from /home/ubuntu/gestao-suprimentos-logistica/node_modules/.pnpm/vite@7.1.9_@types+node@24.7.0_jiti@2.6.1_lightningcss@1.30.1_tsx@4.20.6/node_modules/vite/dist/node/chunks/dep-Chhhsdoe.js
[2026-10-05T11:43:45.153Z] at finalizeResolution (node:internal/modules/esm/resolve:275:11)
[2026-10-05T11:43:45.153Z] at moduleResolve (node:internal/modules/esm/resolve:932:10)
[2026-10-05T11:43:45.153Z] at defaultResolve (node:internal/modules/esm/resolve:1056:11)
[2026-10-05T11:43:45.153Z] at nextResolve (node:internal/modules/esm/hooks:748:28)
[2026-10-05T11:43:45.153Z] at resolveBase (file:///home/ubuntu/gestao-suprimentos-logistica/node_modules/.pnpm/tsx@4.20.6/node_modules/tsx/dist/esm/index.mjs?1791199828088:2:3744)
[2026-10-05T11:43:45.153Z] at resolveDirectory (file:///home/ubuntu/gestao-suprimentos-logistica/node_modules/.pnpm/tsx@4.20.6/node_modules/tsx/dist/esm/index.mjs?1791199828088:2:4243)
[2026-10-05T11:43:45.153Z] at resolveTsPaths (file:///home/ubuntu/gestao-suprimentos-logistica/node_modules/.pnpm/tsx@4.20.6/node_modules/tsx/dist/esm/index.mjs?1791199828088:2:4984)
[2026-10-05T11:43:45.153Z] at resolve (file:///home/ubuntu/gestao-suprimentos-logistica/node_modules/.pnpm/tsx@4.20.6/node_modules/tsx/dist/esm/index.mjs?1791199828088:2:5361)
[2026-10-05T11:43:45.153Z] at nextResolve (node:internal/modules/esm/hooks:748:28)
[2026-10-05T11:43:45.153Z] at o (file:///home/ubuntu/gestao-suprimentos-logistica/node_modules/.pnpm/@tailwindcss+node@4.1.14/node_modules/@tailwindcss/node/dist/esm-cache.loader.mjs:1:69)
[2026-10-05T11:43:48.380Z] Error [ERR_MODULE_NOT_FOUND]: Cannot find module '/home/ubuntu/gestao-suprimentos-logistica/node_modules/.pnpm/vite@7.1.9_@types+node@24.7.0_jiti@2.6.1_lightningcss@1.30.1_tsx@4.20.6/node_modules/vite/dist/node/chunks/dep-CCSnTAeo.js' imported from /home/ubuntu/gestao-suprimentos-logistica/node_modules/.pnpm/vite@7.1.9_@types+node@24.7.0_jiti@2.6.1_lightningcss@1.30.1_tsx@4.20.6/node_modules/vite/dist/node/chunks/dep-Chhhsdoe.js
[2026-10-05T11:43:48.380Z] at finalizeResolution (node:internal/modules/esm/resolve:275:11)
[2026-10-05T11:43:48.380Z] at moduleResolve (node:internal/modules/esm/resolve:932:10)
[2026-10-05T11:43:48.380Z] at defaultResolve (node:internal/modules/esm/resolve:1056:11)
[2026-10-05T11:43:48.380Z] at nextResolve (node:internal/modules/esm/hooks:748:28)
[2026-10-05T11:43:48.380Z] at resolveBase (file:///home/ubuntu/gestao-suprimentos-logistica/node_modules/.pnpm/tsx@4.20.6/node_modules/tsx/dist/esm/index.mjs?1791199828088:2:3744)
[2026-10-05T11:43:48.380Z] at resolveDirectory (file:///home/ubuntu/gestao-suprimentos-logistica/node_modules/.pnpm/tsx@4.20.6/node_modules/tsx/dist/esm/index.mjs?1791199828088:2:4243)
[2026-10-05T11:43:48.380Z] at resolveTsPaths (file:///home/ubuntu/gestao-suprimentos-logistica/node_modules/.pnpm/tsx@4.20.6/node_modules/tsx/dist/esm/index.mjs?1791199828088:2:4984)
[2026-10-05T11:43:48.380Z] at resolve (file:///home/ubuntu/gestao-suprimentos-logistica/node_modules/.pnpm/tsx@4.20.6/node_modules/tsx/dist/esm/index.mjs?1791199828088:2:5361)
[2026-10-05T11:43:48.380Z] at nextResolve (node:internal/modules/esm/hooks:748:28)
[2026-10-05T11:43:48.380Z] at o (file:///home/ubuntu/gestao-suprimentos-logistica/node_modules/.pnpm/@tailwindcss+node@4.1.14/node_modules/@tailwindcss/node/dist/esm-cache.loader.mjs:1:69)
[2026-10-05T11:43:51.601Z] Error [ERR_MODULE_NOT_FOUND]: Cannot find module '/home/ubuntu/gestao-suprimentos-logistica/node_modules/.pnpm/vite@7.1.9_@types+node@24.7.0_jiti@2.6.1_lightningcss@1.30.1_tsx@4.20.6/node_modules/vite/dist/node/chunks/dep-CCSnTAeo.js' imported from /home/ubuntu/gestao-suprimentos-logistica/node_modules/.pnpm/vite@7.1.9_@types+node@24.7.0_jiti@2.6.1_lightningcss@1.30.1_tsx@4.20.6/node_modules/vite/dist/node/chunks/dep-Chhhsdoe.js
[2026-10-05T11:43:51.601Z] at finalizeResolution (node:internal/modules/esm/resolve:275:11)
[2026-10-05T11:43:51.601Z] at moduleResolve (node:internal/modules/esm/resolve:932:10)
[2026-10-05T11:43:51.601Z] at defaultResolve (node:internal/modules/esm/resolve:1056:11)
[2026-10-05T11:43:51.601Z] at nextResolve (node:internal/modules/esm/hooks:748:28)
[2026-10-05T11:43:51.601Z] at resolveBase (file:///home/ubuntu/gestao-suprimentos-logistica/node_modules/.pnpm/tsx@4.20.6/node_modules/tsx/dist/esm/index.mjs?1791199828088:2:3744)
[2026-10-05T11:43:51.601Z] at resolveDirectory (file:///home/ubuntu/gestao-suprimentos-logistica/node_modules/.pnpm/tsx@4.20.6/node_modules/tsx/dist/esm/index.mjs?1791199828088:2:4243)
[2026-10-05T11:43:51.601Z] at resolveTsPaths (file:///home/ubuntu/gestao-suprimentos-logistica/node_modules/.pnpm/tsx@4.20.6/node_modules/tsx/dist/esm/index.mjs?1791199828088:2:4984)
[2026-10-05T11:43:51.601Z] at resolve (file:///home/ubuntu/gestao-suprimentos-logistica/node_modules/.pnpm/tsx@4.20.6/node_modules/tsx/dist/esm/index.mjs?1791199828088:2:5361)
[2026-10-05T11:43:51.601Z] at nextResolve (node:internal/modules/esm/hooks:748:28)
[2026-10-05T11:43:51.601Z] at o (file:///home/ubuntu/gestao-suprimentos-logistica/node_modules/.pnpm/@tailwindcss+node@4.1.14/node_modules/@tailwindcss/node/dist/esm-cache.loader.mjs:1:69)
[2026-10-05T11:43:54.883Z] Error [ERR_MODULE_NOT_FOUND]: Cannot find module '/home/ubuntu/gestao-suprimentos-logistica/node_modules/.pnpm/vite@7.1.9_@types+node@24.7.0_jiti@2.6.1_lightningcss@1.30.1_tsx@4.20.6/node_modules/vite/dist/node/chunks/dep-CCSnTAeo.js' imported from /home/ubuntu/gestao-suprimentos-logistica/node_modules/.pnpm/vite@7.1.9_@types+node@24.7.0_jiti@2.6.1_lightningcss@1.30.1_tsx@4.20.6/node_modules/vite/dist/node/chunks/dep-Chhhsdoe.js
[2026-10-05T11:43:54.883Z] at finalizeResolution (node:internal/modules/esm/resolve:275:11)
[2026-10-05T11:43:54.883Z] at moduleResolve (node:internal/modules/esm/resolve:932:10)
[2026-10-05T11:43:54.883Z] at defaultResolve (node:internal/modules/esm/resolve:1056:11)
[2026-10-05T11:43:54.883Z] at nextResolve (node:internal/modules/esm/hooks:748:28)
[2026-10-05T11:43:54.883Z] at resolveBase (file:///home/ubuntu/gestao-suprimentos-logistica/node_modules/.pnpm/tsx@4.20.6/node_modules/tsx/dist/esm/index.mjs?1791199828088:2:3744)
[2026-10-05T11:43:54.883Z] at resolveDirectory (file:///home/ubuntu/gestao-suprimentos-logistica/node_modules/.pnpm/tsx@4.20.6/node_modules/tsx/dist/esm/index.mjs?1791199828088:2:4243)
[2026-10-05T11:43:54.883Z] at resolveTsPaths (file:///home/ubuntu/gestao-suprimentos-logistica/node_modules/.pnpm/tsx@4.20.6/node_modules/tsx/dist/esm/index.mjs?1791199828088:2:4984)
[2026-10-05T11:43:54.883Z] at resolve (file:///home/ubuntu/gestao-suprimentos-logistica/node_modules/.pnpm/tsx@4.20.6/node_modules/tsx/dist/esm/index.mjs?1791199828088:2:5361)
[2026-10-05T11:43:54.883Z] at nextResolve (node:internal/modules/esm/hooks:748:28)
[2026-10-05T11:43:54.883Z] at o (file:///home/ubuntu/gestao-suprimentos-logistica/node_modules/.pnpm/@tailwindcss+node@4.1.14/node_modules/@tailwindcss/node/dist/esm-cache.loader.mjs:1:69)
[2026-10-05T11:43:58.082Z] Error [ERR_MODULE_NOT_FOUND]: Cannot find module '/home/ubuntu/gestao-suprimentos-logistica/node_modules/.pnpm/vite@7.1.9_@types+node@24.7.0_jiti@2.6.1_lightningcss@1.30.1_tsx@4.20.6/node_modules/vite/dist/node/chunks/dep-CCSnTAeo.js' imported from /home/ubuntu/gestao-suprimentos-logistica/node_modules/.pnpm/vite@7.1.9_@types+node@24.7.0_jiti@2.6.1_lightningcss@1.30.1_tsx@4.20.6/node_modules/vite/dist/node/chunks/dep-Chhhsdoe.js
[2026-10-05T11:43:58.083Z] at finalizeResolution (node:internal/modules/esm/resolve:275:11)
[2026-10-05T11:43:58.083Z] at moduleResolve (node:internal/modules/esm/resolve:932:10)
[2026-10-05T11:43:58.083Z] at defaultResolve (node:internal/modules/esm/resolve:1056:11)
[2026-10-05T11:43:58.083Z] at nextResolve (node:internal/modules/esm/hooks:748:28)
[2026-10-05T11:43:58.083Z] at resolveBase (file:///home/ubuntu/gestao-suprimentos-logistica/node_modules/.pnpm/tsx@4.20.6/node_modules/tsx/dist/esm/index.mjs?1791199828088:2:3744)
[2026-10-05T11:43:58.083Z] at resolveDirectory (file:///home/ubuntu/gestao-suprimentos-logistica/node_modules/.pnpm/tsx@4.20.6/node_modules/tsx/dist/esm/index.mjs?1791199828088:2:4243)
[2026-10-05T11:43:58.083Z] at resolveTsPaths (file:///home/ubuntu/gestao-suprimentos-logistica/node_modules/.pnpm/tsx@4.20.6/node_modules/tsx/dist/esm/index.mjs?1791199828088:2:4984)
[2026-10-05T11:43:58.083Z] at resolve (file:///home/ubuntu/gestao-suprimentos-logistica/node_modules/.pnpm/tsx@4.20.6/node_modules/tsx/dist/esm/index.mjs?1791199828088:2:5361)
[2026-10-05T11:43:58.083Z] at nextResolve (node:internal/modules/esm/hooks:748:28)
[2026-10-05T11:43:58.083Z] at o (file:///home/ubuntu/gestao-suprimentos-logistica/node_modules/.pnpm/@tailwindcss+node@4.1.14/node_modules/@tailwindcss/node/dist/esm-cache.loader.mjs:1:69)
[2026-10-05T11:44:01.281Z] Error [ERR_MODULE_NOT_FOUND]: Cannot find module '/home/ubuntu/gestao-suprimentos-logistica/node_modules/.pnpm/vite@7.1.9_@types+node@24.7.0_jiti@2.6.1_lightningcss@1.30.1_tsx@4.20.6/node_modules/vite/dist/node/chunks/dep-CCSnTAeo.js' imported from /home/ubuntu/gestao-suprimentos-logistica/node_modules/.pnpm/vite@7.1.9_@types+node@24.7.0_jiti@2.6.1_lightningcss@1.30.1_tsx@4.20.6/node_modules/vite/dist/node/chunks/dep-Chhhsdoe.js
[2026-10-05T11:44:01.281Z] at finalizeResolution (node:internal/modules/esm/resolve:275:11)
[2026-10-05T11:44:01.281Z] at moduleResolve (node:internal/modules/esm/resolve:932:10)
[2026-10-05T11:44:01.281Z] at defaultResolve (node:internal/modules/esm/resolve:1056:11)
[2026-10-05T11:44:01.281Z] at nextResolve (node:internal/modules/esm/hooks:748:28)
[2026-10-05T11:44:01.281Z] at resolveBase (file:///home/ubuntu/gestao-suprimentos-logistica/node_modules/.pnpm/tsx@4.20.6/node_modules/tsx/dist/esm/index.mjs?1791199828088:2:3744)
[2026-10-05T11:44:01.281Z] at resolveDirectory (file:///home/ubuntu/gestao-suprimentos-logistica/node_modules/.pnpm/tsx@4.20.6/node_modules/tsx/dist/esm/index.mjs?1791199828088:2:4243)
[2026-10-05T11:44:01.281Z] at resolveTsPaths (file:///home/ubuntu/gestao-suprimentos-logistica/node_modules/.pnpm/tsx@4.20.6/node_modules/tsx/dist/esm/index.mjs?1791199828088:2:4984)
[2026-10-05T11:44:01.281Z] at resolve (file:///home/ubuntu/gestao-suprimentos-logistica/node_modules/.pnpm/tsx@4.20.6/node_modules/tsx/dist/esm/index.mjs?1791199828088:2:5361)
[2026-10-05T11:44:01.281Z] at nextResolve (node:internal/modules/esm/hooks:748:28)
[2026-10-05T11:44:01.281Z] at o (file:///home/ubuntu/gestao-suprimentos-logistica/node_modules/.pnpm/@tailwindcss+node@4.1.14/node_modules/@tailwindcss/node/dist/esm-cache.loader.mjs:1:69)
[2026-10-05T11:44:04.499Z] Error [ERR_MODULE_NOT_FOUND]: Cannot find module '/home/ubuntu/gestao-suprimentos-logistica/node_modules/.pnpm/vite@7.1.9_@types+node@24.7.0_jiti@2.6.1_lightningcss@1.30.1_tsx@4.20.6/node_modules/vite/dist/node/chunks/dep-CCSnTAeo.js' imported from /home/ubuntu/gestao-suprimentos-logistica/node_modules/.pnpm/vite@7.1.9_@types+node@24.7.0_jiti@2.6.1_lightningcss@1.30.1_tsx@4.20.6/node_modules/vite/dist/node/chunks/dep-Chhhsdoe.js
[2026-10-05T11:44:04.500Z] at finalizeResolution (node:internal/modules/esm/resolve:275:11)
[2026-10-05T11:44:04.500Z] at moduleResolve (node:internal/modules/esm/resolve:932:10)
[2026-10-05T11:44:04.500Z] at defaultResolve (node:internal/modules/esm/resolve:1056:11)
[2026-10-05T11:44:04.500Z] at nextResolve (node:internal/modules/esm/hooks:748:28)
[2026-10-05T11:44:04.500Z] at resolveBase (file:///home/ubuntu/gestao-suprimentos-logistica/node_modules/.pnpm/tsx@4.20.6/node_modules/tsx/dist/esm/index.mjs?1791199828088:2:3744)
[2026-10-05T11:44:04.500Z] at resolveDirectory (file:///home/ubuntu/gestao-suprimentos-logistica/node_modules/.pnpm/tsx@4.20.6/node_modules/tsx/dist/esm/index.mjs?1791199828088:2:4243)
[2026-10-05T11:44:04.500Z] at resolveTsPaths (file:///home/ubuntu/gestao-suprimentos-logistica/node_modules/.pnpm/tsx@4.20.6/node_modules/tsx/dist/esm/index.mjs?1791199828088:2:4984)
[2026-10-05T11:44:04.500Z] at resolve (file:///home/ubuntu/gestao-suprimentos-logistica/node_modules/.pnpm/tsx@4.20.6/node_modules/tsx/dist/esm/index.mjs?1791199828088:2:5361)
[2026-10-05T11:44:04.500Z] at nextResolve (node:internal/modules/esm/hooks:748:28)
[2026-10-05T11:44:04.500Z] at o (file:///home/ubuntu/gestao-suprimentos-logistica/node_modules/.pnpm/@tailwindcss+node@4.1.14/node_modules/@tailwindcss/node/dist/esm-cache.loader.mjs:1:69)
[2026-10-05T11:44:07.738Z] Error [ERR_MODULE_NOT_FOUND]: Cannot find module '/home/ubuntu/gestao-suprimentos-logistica/node_modules/.pnpm/vite@7.1.9_@types+node@24.7.0_jiti@2.6.1_lightningcss@1.30.1_tsx@4.20.6/node_modules/vite/dist/node/chunks/dep-CCSnTAeo.js' imported from /home/ubuntu/gestao-suprimentos-logistica/node_modules/.pnpm/vite@7.1.9_@types+node@24.7.0_jiti@2.6.1_lightningcss@1.30.1_tsx@4.20.6/node_modules/vite/dist/node/chunks/dep-Chhhsdoe.js
[2026-10-05T11:44:07.738Z] at finalizeResolution (node:internal/modules/esm/resolve:275:11)
[2026-10-05T11:44:07.738Z] at moduleResolve (node:internal/modules/esm/resolve:932:10)
[2026-10-05T11:44:07.738Z] at defaultResolve (node:internal/modules/esm/resolve:1056:11)
[2026-10-05T11:44:07.738Z] at nextResolve (node:internal/modules/esm/hooks:748:28)
[2026-10-05T11:44:07.738Z] at resolveBase (file:///home/ubuntu/gestao-suprimentos-logistica/node_modules/.pnpm/tsx@4.20.6/node_modules/tsx/dist/esm/index.mjs?1791199828088:2:3744)
[2026-10-05T11:44:07.738Z] at resolveDirectory (file:///home/ubuntu/gestao-suprimentos-logistica/node_modules/.pnpm/tsx@4.20.6/node_modules/tsx/dist/esm/index.mjs?1791199828088:2:4243)
[2026-10-05T11:44:07.738Z] at resolveTsPaths (file:///home/ubuntu/gestao-suprimentos-logistica/node_modules/.pnpm/tsx@4.20.6/node_modules/tsx/dist/esm/index.mjs?1791199828088:2:4984)
[2026-10-05T11:44:07.738Z] at resolve (file:///home/ubuntu/gestao-suprimentos-logistica/node_modules/.pnpm/tsx@4.20.6/node_modules/tsx/dist/esm/index.mjs?1791199828088:2:5361)
[2026-10-05T11:44:07.739Z] at nextResolve (node:internal/modules/esm/hooks:748:28)
[2026-10-05T11:44:07.739Z] at o (file:///home/ubuntu/gestao-suprimentos-logistica/node_modules/.pnpm/@tailwindcss+node@4.1.14/node_modules/@tailwindcss/node/dist/esm-cache.loader.mjs:1:69)
[2026-10-05T11:44:10.941Z] Error [ERR_MODULE_NOT_FOUND]: Cannot find module '/home/ubuntu/gestao-suprimentos-logistica/node_modules/.pnpm/vite@7.1.9_@types+node@24.7.0_jiti@2.6.1_lightningcss@1.30.1_tsx@4.20.6/node_modules/vite/dist/node/chunks/dep-CCSnTAeo.js' imported from /home/ubuntu/gestao-suprimentos-logistica/node_modules/.pnpm/vite@7.1.9_@types+node@24.7.0_jiti@2.6.1_lightningcss@1.30.1_tsx@4.20.6/node_modules/vite/dist/node/chunks/dep-Chhhsdoe.js
[2026-10-05T11:44:10.941Z] at finalizeResolution (node:internal/modules/esm/resolve:275:11)
[2026-10-05T11:44:10.941Z] at moduleResolve (node:internal/modules/esm/resolve:932:10)
[2026-10-05T11:44:10.941Z] at defaultResolve (node:internal/modules/esm/resolve:1056:11)
[2026-10-05T11:44:10.941Z] at nextResolve (node:internal/modules/esm/hooks:748:28)
[2026-10-05T11:44:10.941Z] at resolveBase (file:///home/ubuntu/gestao-suprimentos-logistica/node_modules/.pnpm/tsx@4.20.6/node_modules/tsx/dist/esm/index.mjs?1791199828088:2:3744)
[2026-10-05T11:44:10.941Z] at resolveDirectory (file:///home/ubuntu/gestao-suprimentos-logistica/node_modules/.pnpm/tsx@4.20.6/node_modules/tsx/dist/esm/index.mjs?1791199828088:2:4243)
[2026-10-05T11:44:10.941Z] at resolveTsPaths (file:///home/ubuntu/gestao-suprimentos-logistica/node_modules/.pnpm/tsx@4.20.6/node_modules/tsx/dist/esm/index.mjs?1791199828088:2:4984)
[2026-10-05T11:44:10.941Z] at resolve (file:///home/ubuntu/gestao-suprimentos-logistica/node_modules/.pnpm/tsx@4.20.6/node_modules/tsx/dist/esm/index.mjs?1791199828088:2:5361)
[2026-10-05T11:44:10.941Z] at nextResolve (node:internal/modules/esm/hooks:748:28)
[2026-10-05T11:44:10.941Z] at o (file:///home/ubuntu/gestao-suprimentos-logistica/node_modules/.pnpm/@tailwindcss+node@4.1.14/node_modules/@tailwindcss/node/dist/esm-cache.loader.mjs:1:69)
[2026-10-05T11:44:14.143Z] Error [ERR_MODULE_NOT_FOUND]: Cannot find module '/home/ubuntu/gestao-suprimentos-logistica/node_modules/.pnpm/vite@7.1.9_@types+node@24.7.0_jiti@2.6.1_lightningcss@1.30.1_tsx@4.20.6/node_modules/vite/dist/node/chunks/dep-CCSnTAeo.js' imported from /home/ubuntu/gestao-suprimentos-logistica/node_modules/.pnpm/vite@7.1.9_@types+node@24.7.0_jiti@2.6.1_lightningcss@1.30.1_tsx@4.20.6/node_modules/vite/dist/node/chunks/dep-Chhhsdoe.js
[2026-10-05T11:44:14.143Z] at finalizeResolution (node:internal/modules/esm/resolve:275:11)
[2026-10-05T11:44:14.143Z] at moduleResolve (node:internal/modules/esm/resolve:932:10)
[2026-10-05T11:44:14.143Z] at defaultResolve (node:internal/modules/esm/resolve:1056:11)
[2026-10-05T11:44:14.144Z] at nextResolve (node:internal/modules/esm/hooks:748:28)
[2026-10-05T11:44:14.144Z] at resolveBase (file:///home/ubuntu/gestao-suprimentos-logistica/node_modules/.pnpm/tsx@4.20.6/node_modules/tsx/dist/esm/index.mjs?1791199828088:2:3744)
[2026-10-05T11:44:14.144Z] at resolveDirectory (file:///home/ubuntu/gestao-suprimentos-logistica/node_modules/.pnpm/tsx@4.20.6/node_modules/tsx/dist/esm/index.mjs?1791199828088:2:4243)
[2026-10-05T11:44:14.144Z] at resolveTsPaths (file:///home/ubuntu/gestao-suprimentos-logistica/node_modules/.pnpm/tsx@4.20.6/node_modules/tsx/dist/esm/index.mjs?1791199828088:2:4984)
[2026-10-05T11:44:14.144Z] at resolve (file:///home/ubuntu/gestao-suprimentos-logistica/node_modules/.pnpm/tsx@4.20.6/node_modules/tsx/dist/esm/index.mjs?1791199828088:2:5361)
[2026-10-05T11:44:14.144Z] at nextResolve (node:internal/modules/esm/hooks:748:28)
[2026-10-05T11:44:14.144Z] at o (file:///home/ubuntu/gestao-suprimentos-logistica/node_modules/.pnpm/@tailwindcss+node@4.1.14/node_modules/@tailwindcss/node/dist/esm-cache.loader.mjs:1:69)
[2026-10-05T11:44:17.361Z] Error [ERR_MODULE_NOT_FOUND]: Cannot find module '/home/ubuntu/gestao-suprimentos-logistica/node_modules/.pnpm/vite@7.1.9_@types+node@24.7.0_jiti@2.6.1_lightningcss@1.30.1_tsx@4.20.6/node_modules/vite/dist/node/chunks/dep-CCSnTAeo.js' imported from /home/ubuntu/gestao-suprimentos-logistica/node_modules/.pnpm/vite@7.1.9_@types+node@24.7.0_jiti@2.6.1_lightningcss@1.30.1_tsx@4.20.6/node_modules/vite/dist/node/chunks/dep-Chhhsdoe.js
[2026-10-05T11:44:17.361Z] at finalizeResolution (node:internal/modules/esm/resolve:275:11)
[2026-10-05T11:44:17.362Z] at moduleResolve (node:internal/modules/esm/resolve:932:10)
[2026-10-05T11:44:17.362Z] at defaultResolve (node:internal/modules/esm/resolve:1056:11)
[2026-10-05T11:44:17.362Z] at nextResolve (node:internal/modules/esm/hooks:748:28)
[2026-10-05T11:44:17.362Z] at resolveBase (file:///home/ubuntu/gestao-suprimentos-logistica/node_modules/.pnpm/tsx@4.20.6/node_modules/tsx/dist/esm/index.mjs?1791199828088:2:3744)
[2026-10-05T11:44:17.362Z] at resolveDirectory (file:///home/ubuntu/gestao-suprimentos-logistica/node_modules/.pnpm/tsx@4.20.6/node_modules/tsx/dist/esm/index.mjs?1791199828088:2:4243)
[2026-10-05T11:44:17.362Z] at resolveTsPaths (file:///home/ubuntu/gestao-suprimentos-logistica/node_modules/.pnpm/tsx@4.20.6/node_modules/tsx/dist/esm/index.mjs?1791199828088:2:4984)
[2026-10-05T11:44:17.362Z] at resolve (file:///home/ubuntu/gestao-suprimentos-logistica/node_modules/.pnpm/tsx@4.20.6/node_modules/tsx/dist/esm/index.mjs?1791199828088:2:5361)
[2026-10-05T11:44:17.362Z] at nextResolve (node:internal/modules/esm/hooks:748:28)
[2026-10-05T11:44:17.362Z] at o (file:///home/ubuntu/gestao-suprimentos-logistica/node_modules/.pnpm/@tailwindcss+node@4.1.14/node_modules/@tailwindcss/node/dist/esm-cache.loader.mjs:1:69)
[2026-10-05T11:44:20.570Z] Error [ERR_MODULE_NOT_FOUND]: Cannot find module '/home/ubuntu/gestao-suprimentos-logistica/node_modules/.pnpm/vite@7.1.9_@types+node@24.7.0_jiti@2.6.1_lightningcss@1.30.1_tsx@4.20.6/node_modules/vite/dist/node/chunks/dep-CCSnTAeo.js' imported from /home/ubuntu/gestao-suprimentos-logistica/node_modules/.pnpm/vite@7.1.9_@types+node@24.7.0_jiti@2.6.1_lightningcss@1.30.1_tsx@4.20.6/node_modules/vite/dist/node/chunks/dep-Chhhsdoe.js
[2026-10-05T11:44:20.570Z] at finalizeResolution (node:internal/modules/esm/resolve:275:11)
[2026-10-05T11:44:20.570Z] at moduleResolve (node:internal/modules/esm/resolve:932:10)
[2026-10-05T11:44:20.570Z] at defaultResolve (node:internal/modules/esm/resolve:1056:11)
[2026-10-05T11:44:20.570Z] at nextResolve (node:internal/modules/esm/hooks:748:28)
[2026-10-05T11:44:20.570Z] at resolveBase (file:///home/ubuntu/gestao-suprimentos-logistica/node_modules/.pnpm/tsx@4.20.6/node_modules/tsx/dist/esm/index.mjs?1791199828088:2:3744)
[2026-10-05T11:44:20.570Z] at resolveDirectory (file:///home/ubuntu/gestao-suprimentos-logistica/node_modules/.pnpm/tsx@4.20.6/node_modules/tsx/dist/esm/index.mjs?1791199828088:2:4243)
[2026-10-05T11:44:20.570Z] at resolveTsPaths (file:///home/ubuntu/gestao-suprimentos-logistica/node_modules/.pnpm/tsx@4.20.6/node_modules/tsx/dist/esm/index.mjs?1791199828088:2:4984)
[2026-10-05T11:44:20.570Z] at resolve (file:///home/ubuntu/gestao-suprimentos-logistica/node_modules/.pnpm/tsx@4.20.6/node_modules/tsx/dist/esm/index.mjs?1791199828088:2:5361)
[2026-10-05T11:44:20.570Z] at nextResolve (node:internal/modules/esm/hooks:748:28)
[2026-10-05T11:44:20.570Z] at o (file:///home/ubuntu/gestao-suprimentos-logistica/node_modules/.pnpm/@tailwindcss+node@4.1.14/node_modules/@tailwindcss/node/dist/esm-cache.loader.mjs:1:69)
[2026-10-05T11:44:23.806Z] Error [ERR_MODULE_NOT_FOUND]: Cannot find module '/home/ubuntu/gestao-suprimentos-logistica/node_modules/.pnpm/vite@7.1.9_@types+node@24.7.0_jiti@2.6.1_lightningcss@1.30.1_tsx@4.20.6/node_modules/vite/dist/node/chunks/dep-CCSnTAeo.js' imported from /home/ubuntu/gestao-suprimentos-logistica/node_modules/.pnpm/vite@7.1.9_@types+node@24.7.0_jiti@2.6.1_lightningcss@1.30.1_tsx@4.20.6/node_modules/vite/dist/node/chunks/dep-Chhhsdoe.js
[2026-10-05T11:44:23.806Z] at finalizeResolution (node:internal/modules/esm/resolve:275:11)
[2026-10-05T11:44:23.806Z] at moduleResolve (node:internal/modules/esm/resolve:932:10)
[2026-10-05T11:44:23.806Z] at defaultResolve (node:internal/modules/esm/resolve:1056:11)
[2026-10-05T11:44:23.806Z] at nextResolve (node:internal/modules/esm/hooks:748:28)
[2026-10-05T11:44:23.806Z] at resolveBase (file:///home/ubuntu/gestao-suprimentos-logistica/node_modules/.pnpm/tsx@4.20.6/node_modules/tsx/dist/esm/index.mjs?1791199828088:2:3744)
[2026-10-05T11:44:23.806Z] at resolveDirectory (file:///home/ubuntu/gestao-suprimentos-logistica/node_modules/.pnpm/tsx@4.20.6/node_modules/tsx/dist/esm/index.mjs?1791199828088:2:4243)
[2026-10-05T11:44:23.806Z] at resolveTsPaths (file:///home/ubuntu/gestao-suprimentos-logistica/node_modules/.pnpm/tsx@4.20.6/node_modules/tsx/dist/esm/index.mjs?1791199828088:2:4984)
[2026-10-05T11:44:23.806Z] at resolve (file:///home/ubuntu/gestao-suprimentos-logistica/node_modules/.pnpm/tsx@4.20.6/node_modules/tsx/dist/esm/index.mjs?1791199828088:2:5361)
[2026-10-05T11:44:23.806Z] at nextResolve (node:internal/modules/esm/hooks:748:28)
[2026-10-05T11:44:23.806Z] at o (file:///home/ubuntu/gestao-suprimentos-logistica/node_modules/.pnpm/@tailwindcss+node@4.1.14/node_modules/@tailwindcss/node/dist/esm-cache.loader.mjs:1:69)
[2026-10-05T11:44:27.016Z] Error [ERR_MODULE_NOT_FOUND]: Cannot find module '/home/ubuntu/gestao-suprimentos-logistica/node_modules/.pnpm/vite@7.1.9_@types+node@24.7.0_jiti@2.6.1_lightningcss@1.30.1_tsx@4.20.6/node_modules/vite/dist/node/chunks/dep-CCSnTAeo.js' imported from /home/ubuntu/gestao-suprimentos-logistica/node_modules/.pnpm/vite@7.1.9_@types+node@24.7.0_jiti@2.6.1_lightningcss@1.30.1_tsx@4.20.6/node_modules/vite/dist/node/chunks/dep-Chhhsdoe.js
[2026-10-05T11:44:27.016Z] at finalizeResolution (node:internal/modules/esm/resolve:275:11)
[2026-10-05T11:44:27.016Z] at moduleResolve (node:internal/modules/esm/resolve:932:10)
[2026-10-05T11:44:27.016Z] at defaultResolve (node:internal/modules/esm/resolve:1056:11)
[2026-10-05T11:44:27.016Z] at nextResolve (node:internal/modules/esm/hooks:748:28)
[2026-10-05T11:44:27.016Z] at resolveBase (file:///home/ubuntu/gestao-suprimentos-logistica/node_modules/.pnpm/tsx@4.20.6/node_modules/tsx/dist/esm/index.mjs?1791199828088:2:3744)
[2026-10-05T11:44:27.016Z] at resolveDirectory (file:///home/ubuntu/gestao-suprimentos-logistica/node_modules/.pnpm/tsx@4.20.6/node_modules/tsx/dist/esm/index.mjs?1791199828088:2:4243)
[2026-10-05T11:44:27.016Z] at resolveTsPaths (file:///home/ubuntu/gestao-suprimentos-logistica/node_modules/.pnpm/tsx@4.20.6/node_modules/tsx/dist/esm/index.mjs?1791199828088:2:4984)
[2026-10-05T11:44:27.016Z] at resolve (file:///home/ubuntu/gestao-suprimentos-logistica/node_modules/.pnpm/tsx@4.20.6/node_modules/tsx/dist/esm/index.mjs?1791199828088:2:5361)
[2026-10-05T11:44:27.016Z] at nextResolve (node:internal/modules/esm/hooks:748:28)
[2026-10-05T11:44:27.016Z] at o (file:///home/ubuntu/gestao-suprimentos-logistica/node_modules/.pnpm/@tailwindcss+node@4.1.14/node_modules/@tailwindcss/node/dist/esm-cache.loader.mjs:1:69)
[2026-10-05T11:44:30.230Z] Error [ERR_MODULE_NOT_FOUND]: Cannot find module '/home/ubuntu/gestao-suprimentos-logistica/node_modules/.pnpm/vite@7.1.9_@types+node@24.7.0_jiti@2.6.1_lightningcss@1.30.1_tsx@4.20.6/node_modules/vite/dist/node/chunks/dep-CCSnTAeo.js' imported from /home/ubuntu/gestao-suprimentos-logistica/node_modules/.pnpm/vite@7.1.9_@types+node@24.7.0_jiti@2.6.1_lightningcss@1.30.1_tsx@4.20.6/node_modules/vite/dist/node/chunks/dep-Chhhsdoe.js
[2026-10-05T11:44:30.231Z] at finalizeResolution (node:internal/modules/esm/resolve:275:11)
[2026-10-05T11:44:30.231Z] at moduleResolve (node:internal/modules/esm/resolve:932:10)
[2026-10-05T11:44:30.231Z] at defaultResolve (node:internal/modules/esm/resolve:1056:11)
[2026-10-05T11:44:30.231Z] at nextResolve (node:internal/modules/esm/hooks:748:28)
[2026-10-05T11:44:30.231Z] at resolveBase (file:///home/ubuntu/gestao-suprimentos-logistica/node_modules/.pnpm/tsx@4.20.6/node_modules/tsx/dist/esm/index.mjs?1791199828088:2:3744)
[2026-10-05T11:44:30.231Z] at resolveDirectory (file:///home/ubuntu/gestao-suprimentos-logistica/node_modules/.pnpm/tsx@4.20.6/node_modules/tsx/dist/esm/index.mjs?1791199828088:2:4243)
[2026-10-05T11:44:30.231Z] at resolveTsPaths (file:///home/ubuntu/gestao-suprimentos-logistica/node_modules/.pnpm/tsx@4.20.6/node_modules/tsx/dist/esm/index.mjs?1791199828088:2:4984)
[2026-10-05T11:44:30.231Z] at resolve (file:///home/ubuntu/gestao-suprimentos-logistica/node_modules/.pnpm/tsx@4.20.6/node_modules/tsx/dist/esm/index.mjs?1791199828088:2:5361)
[2026-10-05T11:44:30.231Z] at nextResolve (node:internal/modules/esm/hooks:748:28)
[2026-10-05T11:44:30.231Z] at o (file:///home/ubuntu/gestao-suprimentos-logistica/node_modules/.pnpm/@tailwindcss+node@4.1.14/node_modules/@tailwindcss/node/dist/esm-cache.loader.mjs:1:69)
[2026-10-05T11:44:33.805Z] Error [ERR_MODULE_NOT_FOUND]: Cannot find module '/home/ubuntu/gestao-suprimentos-logistica/node_modules/.pnpm/vite@7.1.9_@types+node@24.7.0_jiti@2.6.1_lightningcss@1.30.1_tsx@4.20.6/node_modules/vite/dist/node/chunks/dep-CCSnTAeo.js' imported from /home/ubuntu/gestao-suprimentos-logistica/node_modules/.pnpm/vite@7.1.9_@types+node@24.7.0_jiti@2.6.1_lightningcss@1.30.1_tsx@4.20.6/node_modules/vite/dist/node/chunks/dep-Chhhsdoe.js
[2026-10-05T11:44:33.805Z] at finalizeResolution (node:internal/modules/esm/resolve:275:11)
[2026-10-05T11:44:33.805Z] at moduleResolve (node:internal/modules/esm/resolve:932:10)
[2026-10-05T11:44:33.805Z] at defaultResolve (node:internal/modules/esm/resolve:1056:11)
[2026-10-05T11:44:33.805Z] at nextResolve (node:internal/modules/esm/hooks:748:28)
[2026-10-05T11:44:33.805Z] at resolveBase (file:///home/ubuntu/gestao-suprimentos-logistica/node_modules/.pnpm/tsx@4.20.6/node_modules/tsx/dist/esm/index.mjs?1791199828088:2:3744)
[2026-10-05T11:44:33.805Z] at resolveDirectory (file:///home/ubuntu/gestao-suprimentos-logistica/node_modules/.pnpm/tsx@4.20.6/node_modules/tsx/dist/esm/index.mjs?1791199828088:2:4243)
[2026-10-05T11:44:33.805Z] at resolveTsPaths (file:///home/ubuntu/gestao-suprimentos-logistica/node_modules/.pnpm/tsx@4.20.6/node_modules/tsx/dist/esm/index.mjs?1791199828088:2:4984)
[2026-10-05T11:44:33.805Z] at resolve (file:///home/ubuntu/gestao-suprimentos-logistica/node_modules/.pnpm/tsx@4.20.6/node_modules/tsx/dist/esm/index.mjs?1791199828088:2:5361)
[2026-10-05T11:44:33.805Z] at nextResolve (node:internal/modules/esm/hooks:748:28)
[2026-10-05T11:44:33.805Z] at o (file:///home/ubuntu/gestao-suprimentos-logistica/node_modules/.pnpm/@tailwindcss+node@4.1.14/node_modules/@tailwindcss/node/dist/esm-cache.loader.mjs:1:69)
[2026-10-05T11:44:37.791Z] Error [ERR_MODULE_NOT_FOUND]: Cannot find module '/home/ubuntu/gestao-suprimentos-logistica/node_modules/.pnpm/vite@7.1.9_@types+node@24.7.0_jiti@2.6.1_lightningcss@1.30.1_tsx@4.20.6/node_modules/vite/dist/node/chunks/dep-CCSnTAeo.js' imported from /home/ubuntu/gestao-suprimentos-logistica/node_modules/.pnpm/vite@7.1.9_@types+node@24.7.0_jiti@2.6.1_lightningcss@1.30.1_tsx@4.20.6/node_modules/vite/dist/node/chunks/dep-Chhhsdoe.js
[2026-10-05T11:44:37.791Z] at finalizeResolution (node:internal/modules/esm/resolve:275:11)
[2026-10-05T11:44:37.791Z] at moduleResolve (node:internal/modules/esm/resolve:932:10)
[2026-10-05T11:44:37.791Z] at defaultResolve (node:internal/modules/esm/resolve:1056:11)
[2026-10-05T11:44:37.791Z] at nextResolve (node:internal/modules/esm/hooks:748:28)
[2026-10-05T11:44:37.791Z] at resolveBase (file:///home/ubuntu/gestao-suprimentos-logistica/node_modules/.pnpm/tsx@4.20.6/node_modules/tsx/dist/esm/index.mjs?1791199828088:2:3744)
[2026-10-05T11:44:37.791Z] at resolveDirectory (file:///home/ubuntu/gestao-suprimentos-logistica/node_modules/.pnpm/tsx@4.20.6/node_modules/tsx/dist/esm/index.mjs?1791199828088:2:4243)
[2026-10-05T11:44:37.791Z] at resolveTsPaths (file:///home/ubuntu/gestao-suprimentos-logistica/node_modules/.pnpm/tsx@4.20.6/node_modules/tsx/dist/esm/index.mjs?1791199828088:2:4984)
[2026-10-05T11:44:37.791Z] at resolve (file:///home/ubuntu/gestao-suprimentos-logistica/node_modules/.pnpm/tsx@4.20.6/node_modules/tsx/dist/esm/index.mjs?1791199828088:2:5361)
[2026-10-05T11:44:37.791Z] at nextResolve (node:internal/modules/esm/hooks:748:28)
[2026-10-05T11:44:37.792Z] at o (file:///home/ubuntu/gestao-suprimentos-logistica/node_modules/.pnpm/@tailwindcss+node@4.1.14/node_modules/@tailwindcss/node/dist/esm-cache.loader.mjs:1:69)
[2026-10-05T11:44:41.817Z] Error [ERR_MODULE_NOT_FOUND]: Cannot find module '/home/ubuntu/gestao-suprimentos-logistica/node_modules/.pnpm/vite@7.1.9_@types+node@24.7.0_jiti@2.6.1_lightningcss@1.30.1_tsx@4.20.6/node_modules/vite/dist/node/chunks/dep-CCSnTAeo.js' imported from /home/ubuntu/gestao-suprimentos-logistica/node_modules/.pnpm/vite@7.1.9_@types+node@24.7.0_jiti@2.6.1_lightningcss@1.30.1_tsx@4.20.6/node_modules/vite/dist/node/chunks/dep-Chhhsdoe.js
[2026-10-05T11:44:41.817Z] at finalizeResolution (node:internal/modules/esm/resolve:275:11)
[2026-10-05T11:44:41.817Z] at moduleResolve (node:internal/modules/esm/resolve:932:10)
[2026-10-05T11:44:41.817Z] at defaultResolve (node:internal/modules/esm/resolve:1056:11)
[2026-10-05T11:44:41.817Z] at nextResolve (node:internal/modules/esm/hooks:748:28)
[2026-10-05T11:44:41.817Z] at resolveBase (file:///home/ubuntu/gestao-suprimentos-logistica/node_modules/.pnpm/tsx@4.20.6/node_modules/tsx/dist/esm/index.mjs?1791199828088:2:3744)
[2026-10-05T11:44:41.817Z] at resolveDirectory (file:///home/ubuntu/gestao-suprimentos-logistica/node_modules/.pnpm/tsx@4.20.6/node_modules/tsx/dist/esm/index.mjs?1791199828088:2:4243)
[2026-10-05T11:44:41.817Z] at resolveTsPaths (file:///home/ubuntu/gestao-suprimentos-logistica/node_modules/.pnpm/tsx@4.20.6/node_modules/tsx/dist/esm/index.mjs?1791199828088:2:4984)
[2026-10-05T11:44:41.817Z] at resolve (file:///home/ubuntu/gestao-suprimentos-logistica/node_modules/.pnpm/tsx@4.20.6/node_modules/tsx/dist/esm/index.mjs?1791199828088:2:5361)
[2026-10-05T11:44:41.817Z] at nextResolve (node:internal/modules/esm/hooks:748:28)
[2026-10-05T11:44:41.817Z] at o (file:///home/ubuntu/gestao-suprimentos-logistica/node_modules/.pnpm/@tailwindcss+node@4.1.14/node_modules/@tailwindcss/node/dist/esm-cache.loader.mjs:1:69)
[2026-10-05T11:44:46.805Z] Error [ERR_MODULE_NOT_FOUND]: Cannot find module '/home/ubuntu/gestao-suprimentos-logistica/node_modules/.pnpm/vite@7.1.9_@types+node@24.7.0_jiti@2.6.1_lightningcss@1.30.1_tsx@4.20.6/node_modules/vite/dist/node/chunks/dep-CCSnTAeo.js' imported from /home/ubuntu/gestao-suprimentos-logistica/node_modules/.pnpm/vite@7.1.9_@types+node@24.7.0_jiti@2.6.1_lightningcss@1.30.1_tsx@4.20.6/node_modules/vite/dist/node/chunks/dep-Chhhsdoe.js
[2026-10-05T11:44:46.805Z] at finalizeResolution (node:internal/modules/esm/resolve:275:11)
[2026-10-05T11:44:46.805Z] at moduleResolve (node:internal/modules/esm/resolve:932:10)
[2026-10-05T11:44:46.805Z] at defaultResolve (node:internal/modules/esm/resolve:1056:11)
[2026-10-05T11:44:46.805Z] at nextResolve (node:internal/modules/esm/hooks:748:28)
[2026-10-05T11:44:46.805Z] at resolveBase (file:///home/ubuntu/gestao-suprimentos-logistica/node_modules/.pnpm/tsx@4.20.6/node_modules/tsx/dist/esm/index.mjs?1791199828088:2:3744)
[2026-10-05T11:44:46.805Z] at resolveDirectory (file:///home/ubuntu/gestao-suprimentos-logistica/node_modules/.pnpm/tsx@4.20.6/node_modules/tsx/dist/esm/index.mjs?1791199828088:2:4243)
[2026-10-05T11:44:46.805Z] at resolveTsPaths (file:///home/ubuntu/gestao-suprimentos-logistica/node_modules/.pnpm/tsx@4.20.6/node_modules/tsx/dist/esm/index.mjs?1791199828088:2:4984)
[2026-10-05T11:44:46.805Z] at resolve (file:///home/ubuntu/gestao-suprimentos-logistica/node_modules/.pnpm/tsx@4.20.6/node_modules/tsx/dist/esm/index.mjs?1791199828088:2:5361)
[2026-10-05T11:44:46.805Z] at nextResolve (node:internal/modules/esm/hooks:748:28)
[2026-10-05T11:44:46.805Z] at o (file:///home/ubuntu/gestao-suprimentos-logistica/node_modules/.pnpm/@tailwindcss+node@4.1.14/node_modules/@tailwindcss/node/dist/esm-cache.loader.mjs:1:69)
[2026-10-05T11:44:51.885Z] Error [ERR_MODULE_NOT_FOUND]: Cannot find module '/home/ubuntu/gestao-suprimentos-logistica/node_modules/.pnpm/vite@7.1.9_@types+node@24.7.0_jiti@2.6.1_lightningcss@1.30.1_tsx@4.20.6/node_modules/vite/dist/node/chunks/dep-CCSnTAeo.js' imported from /home/ubuntu/gestao-suprimentos-logistica/node_modules/.pnpm/vite@7.1.9_@types+node@24.7.0_jiti@2.6.1_lightningcss@1.30.1_tsx@4.20.6/node_modules/vite/dist/node/chunks/dep-Chhhsdoe.js
[2026-10-05T11:44:51.886Z] at finalizeResolution (node:internal/modules/esm/resolve:275:11)
[2026-10-05T11:44:51.886Z] at moduleResolve (node:internal/modules/esm/resolve:932:10)
[2026-10-05T11:44:51.886Z] at defaultResolve (node:internal/modules/esm/resolve:1056:11)
[2026-10-05T11:44:51.886Z] at nextResolve (node:internal/modules/esm/hooks:748:28)
[2026-10-05T11:44:51.886Z] at resolveBase (file:///home/ubuntu/gestao-suprimentos-logistica/node_modules/.pnpm/tsx@4.20.6/node_modules/tsx/dist/esm/index.mjs?1791199828088:2:3744)
[2026-10-05T11:44:51.886Z] at resolveDirectory (file:///home/ubuntu/gestao-suprimentos-logistica/node_modules/.pnpm/tsx@4.20.6/node_modules/tsx/dist/esm/index.mjs?1791199828088:2:4243)
[2026-10-05T11:44:51.886Z] at resolveTsPaths (file:///home/ubuntu/gestao-suprimentos-logistica/node_modules/.pnpm/tsx@4.20.6/node_modules/tsx/dist/esm/index.mjs?1791199828088:2:4984)
[2026-10-05T11:44:51.886Z] at resolve (file:///home/ubuntu/gestao-suprimentos-logistica/node_modules/.pnpm/tsx@4.20.6/node_modules/tsx/dist/esm/index.mjs?1791199828088:2:5361)
[2026-10-05T11:44:51.886Z] at nextResolve (node:internal/modules/esm/hooks:748:28)
[2026-10-05T11:44:51.886Z] at o (file:///home/ubuntu/gestao-suprimentos-logistica/node_modules/.pnpm/@tailwindcss+node@4.1.14/node_modules/@tailwindcss/node/dist/esm-cache.loader.mjs:1:69)
[2026-10-05T11:44:57.987Z] Error [ERR_MODULE_NOT_FOUND]: Cannot find module '/home/ubuntu/gestao-suprimentos-logistica/node_modules/.pnpm/vite@7.1.9_@types+node@24.7.0_jiti@2.6.1_lightningcss@1.30.1_tsx@4.20.6/node_modules/vite/dist/node/chunks/dep-CCSnTAeo.js' imported from /home/ubuntu/gestao-suprimentos-logistica/node_modules/.pnpm/vite@7.1.9_@types+node@24.7.0_jiti@2.6.1_lightningcss@1.30.1_tsx@4.20.6/node_modules/vite/dist/node/chunks/dep-Chhhsdoe.js
[2026-10-05T11:44:57.987Z] at finalizeResolution (node:internal/modules/esm/resolve:275:11)
[2026-10-05T11:44:57.987Z] at moduleResolve (node:internal/modules/esm/resolve:932:10)
[2026-10-05T11:44:57.987Z] at defaultResolve (node:internal/modules/esm/resolve:1056:11)
[2026-10-05T11:44:57.987Z] at nextResolve (node:internal/modules/esm/hooks:748:28)
[2026-10-05T11:44:57.987Z] at resolveBase (file:///home/ubuntu/gestao-suprimentos-logistica/node_modules/.pnpm/tsx@4.20.6/node_modules/tsx/dist/esm/index.mjs?1791199828088:2:3744)
[2026-10-05T11:44:57.987Z] at resolveDirectory (file:///home/ubuntu/gestao-suprimentos-logistica/node_modules/.pnpm/tsx@4.20.6/node_modules/tsx/dist/esm/index.mjs?1791199828088:2:4243)
[2026-10-05T11:44:57.987Z] at resolveTsPaths (file:///home/ubuntu/gestao-suprimentos-logistica/node_modules/.pnpm/tsx@4.20.6/node_modules/tsx/dist/esm/index.mjs?1791199828088:2:4984)
[2026-10-05T11:44:57.987Z] at resolve (file:///home/ubuntu/gestao-suprimentos-logistica/node_modules/.pnpm/tsx@4.20.6/node_modules/tsx/dist/esm/index.mjs?1791199828088:2:5361)
[2026-10-05T11:44:57.987Z] at nextResolve (node:internal/modules/esm/hooks:748:28)
[2026-10-05T11:44:57.987Z] at o (file:///home/ubuntu/gestao-suprimentos-logistica/node_modules/.pnpm/@tailwindcss+node@4.1.14/node_modules/@tailwindcss/node/dist/esm-cache.loader.mjs:1:69)
[2026-10-05T11:44:58.304Z] 11:44:58 AM [vite] changed tsconfig file detected: /home/ubuntu/gestao-suprimentos-logistica/tsconfig.json - Clearing cache and forcing full-reload to ensure TypeScript is compiled with updated config values.
[2026-10-05T11:45:01.792Z] Error [ERR_MODULE_NOT_FOUND]: Cannot find module '/home/ubuntu/gestao-suprimentos-logistica/node_modules/.pnpm/vite@7.1.9_@types+node@24.7.0_jiti@2.6.1_lightningcss@1.30.1_tsx@4.20.6/node_modules/vite/dist/node/chunks/dep-CCSnTAeo.js' imported from /home/ubuntu/gestao-suprimentos-logistica/node_modules/.pnpm/vite@7.1.9_@types+node@24.7.0_jiti@2.6.1_lightningcss@1.30.1_tsx@4.20.6/node_modules/vite/dist/node/chunks/dep-Chhhsdoe.js
[2026-10-05T11:45:01.792Z] at finalizeResolution (node:internal/modules/esm/resolve:275:11)
[2026-10-05T11:45:01.792Z] at moduleResolve (node:internal/modules/esm/resolve:932:10)
[2026-10-05T11:45:01.792Z] at defaultResolve (node:internal/modules/esm/resolve:1056:11)
[2026-10-05T11:45:01.792Z] at nextResolve (node:internal/modules/esm/hooks:748:28)
[2026-10-05T11:45:01.792Z] at resolveBase (file:///home/ubuntu/gestao-suprimentos-logistica/node_modules/.pnpm/tsx@4.20.6/node_modules/tsx/dist/esm/index.mjs?1791199828088:2:3744)
[2026-10-05T11:45:01.792Z] at resolveDirectory (file:///home/ubuntu/gestao-suprimentos-logistica/node_modules/.pnpm/tsx@4.20.6/node_modules/tsx/dist/esm/index.mjs?1791199828088:2:4243)
[2026-10-05T11:45:01.792Z] at resolveTsPaths (file:///home/ubuntu/gestao-suprimentos-logistica/node_modules/.pnpm/tsx@4.20.6/node_modules/tsx/dist/esm/index.mjs?1791199828088:2:4984)
[2026-10-05T11:45:01.792Z] at resolve (file:///home/ubuntu/gestao-suprimentos-logistica/node_modules/.pnpm/tsx@4.20.6/node_modules/tsx/dist/esm/index.mjs?1791199828088:2:5361)
[2026-10-05T11:45:01.792Z] at nextResolve (node:internal/modules/esm/hooks:748:28)
[2026-10-05T11:45:01.792Z] at o (file:///home/ubuntu/gestao-suprimentos-logistica/node_modules/.pnpm/@tailwindcss+node@4.1.14/node_modules/@tailwindcss/node/dist/esm-cache.loader.mjs:1:69)
[2026-10-05T11:45:02.997Z] Error [ERR_MODULE_NOT_FOUND]: Cannot find module '/home/ubuntu/gestao-suprimentos-logistica/node_modules/.pnpm/vite@7.1.9_@types+node@24.7.0_jiti@2.6.1_lightningcss@1.30.1_tsx@4.20.6/node_modules/vite/dist/node/chunks/dep-CCSnTAeo.js' imported from /home/ubuntu/gestao-suprimentos-logistica/node_modules/.pnpm/vite@7.1.9_@types+node@24.7.0_jiti@2.6.1_lightningcss@1.30.1_tsx@4.20.6/node_modules/vite/dist/node/chunks/dep-Chhhsdoe.js
[2026-10-05T11:45:02.997Z] at finalizeResolution (node:internal/modules/esm/resolve:275:11)
[2026-10-05T11:45:02.997Z] at moduleResolve (node:internal/modules/esm/resolve:932:10)
[2026-10-05T11:45:02.997Z] at defaultResolve (node:internal/modules/esm/resolve:1056:11)
[2026-10-05T11:45:02.997Z] at nextResolve (node:internal/modules/esm/hooks:748:28)
[2026-10-05T11:45:02.997Z] at resolveBase (file:///home/ubuntu/gestao-suprimentos-logistica/node_modules/.pnpm/tsx@4.20.6/node_modules/tsx/dist/esm/index.mjs?1791199828088:2:3744)
[2026-10-05T11:45:02.997Z] at resolveDirectory (file:///home/ubuntu/gestao-suprimentos-logistica/node_modules/.pnpm/tsx@4.20.6/node_modules/tsx/dist/esm/index.mjs?1791199828088:2:4243)
[2026-10-05T11:45:02.997Z] at resolveTsPaths (file:///home/ubuntu/gestao-suprimentos-logistica/node_modules/.pnpm/tsx@4.20.6/node_modules/tsx/dist/esm/index.mjs?1791199828088:2:4984)
[2026-10-05T11:45:02.997Z] at resolve (file:///home/ubuntu/gestao-suprimentos-logistica/node_modules/.pnpm/tsx@4.20.6/node_modules/tsx/dist/esm/index.mjs?1791199828088:2:5361)
[2026-10-05T11:45:02.997Z] at nextResolve (node:internal/modules/esm/hooks:748:28)
[2026-10-05T11:45:02.997Z] at o (file:///home/ubuntu/gestao-suprimentos-logistica/node_modules/.pnpm/@tailwindcss+node@4.1.14/node_modules/@tailwindcss/node/dist/esm-cache.loader.mjs:1:69)
[2026-10-05T11:45:03.331Z] Error [ERR_MODULE_NOT_FOUND]: Cannot find module '/home/ubuntu/gestao-suprimentos-logistica/node_modules/.pnpm/vite@7.1.9_@types+node@24.7.0_jiti@2.6.1_lightningcss@1.30.1_tsx@4.20.6/node_modules/vite/dist/node/chunks/dep-CCSnTAeo.js' imported from /home/ubuntu/gestao-suprimentos-logistica/node_modules/.pnpm/vite@7.1.9_@types+node@24.7.0_jiti@2.6.1_lightningcss@1.30.1_tsx@4.20.6/node_modules/vite/dist/node/chunks/dep-Chhhsdoe.js
[2026-10-05T11:45:03.331Z] at finalizeResolution (node:internal/modules/esm/resolve:275:11)
[2026-10-05T11:45:03.331Z] at moduleResolve (node:internal/modules/esm/resolve:932:10)
[2026-10-05T11:45:03.331Z] at defaultResolve (node:internal/modules/esm/resolve:1056:11)
[2026-10-05T11:45:03.331Z] at nextResolve (node:internal/modules/esm/hooks:748:28)
[2026-10-05T11:45:03.331Z] at resolveBase (file:///home/ubuntu/gestao-suprimentos-logistica/node_modules/.pnpm/tsx@4.20.6/node_modules/tsx/dist/esm/index.mjs?1791199828088:2:3744)
[2026-10-05T11:45:03.331Z] at resolveDirectory (file:///home/ubuntu/gestao-suprimentos-logistica/node_modules/.pnpm/tsx@4.20.6/node_modules/tsx/dist/esm/index.mjs?1791199828088:2:4243)
[2026-10-05T11:45:03.331Z] at resolveTsPaths (file:///home/ubuntu/gestao-suprimentos-logistica/node_modules/.pnpm/tsx@4.20.6/node_modules/tsx/dist/esm/index.mjs?1791199828088:2:4984)
[2026-10-05T11:45:03.331Z] at resolve (file:///home/ubuntu/gestao-suprimentos-logistica/node_modules/.pnpm/tsx@4.20.6/node_modules/tsx/dist/esm/index.mjs?1791199828088:2:5361)
[2026-10-05T11:45:03.331Z] at nextResolve (node:internal/modules/esm/hooks:748:28)
[2026-10-05T11:45:03.331Z] at o (file:///home/ubuntu/gestao-suprimentos-logistica/node_modules/.pnpm/@tailwindcss+node@4.1.14/node_modules/@tailwindcss/node/dist/esm-cache.loader.mjs:1:69)
[2026-10-05T11:45:07.816Z] Error [ERR_MODULE_NOT_FOUND]: Cannot find module '/home/ubuntu/gestao-suprimentos-logistica/node_modules/.pnpm/vite@7.1.9_@types+node@24.7.0_jiti@2.6.1_lightningcss@1.30.1_tsx@4.20.6/node_modules/vite/dist/node/chunks/dep-CCSnTAeo.js' imported from /home/ubuntu/gestao-suprimentos-logistica/node_modules/.pnpm/vite@7.1.9_@types+node@24.7.0_jiti@2.6.1_lightningcss@1.30.1_tsx@4.20.6/node_modules/vite/dist/node/chunks/dep-Chhhsdoe.js
[2026-10-05T11:45:07.816Z] at finalizeResolution (node:internal/modules/esm/resolve:275:11)
[2026-10-05T11:45:07.816Z] at moduleResolve (node:internal/modules/esm/resolve:932:10)
[2026-10-05T11:45:07.816Z] at defaultResolve (node:internal/modules/esm/resolve:1056:11)
[2026-10-05T11:45:07.816Z] at nextResolve (node:internal/modules/esm/hooks:748:28)
[2026-10-05T11:45:07.816Z] at resolveBase (file:///home/ubuntu/gestao-suprimentos-logistica/node_modules/.pnpm/tsx@4.20.6/node_modules/tsx/dist/esm/index.mjs?1791199828088:2:3744)
[2026-10-05T11:45:07.816Z] at resolveDirectory (file:///home/ubuntu/gestao-suprimentos-logistica/node_modules/.pnpm/tsx@4.20.6/node_modules/tsx/dist/esm/index.mjs?1791199828088:2:4243)
[2026-10-05T11:45:07.816Z] at resolveTsPaths (file:///home/ubuntu/gestao-suprimentos-logistica/node_modules/.pnpm/tsx@4.20.6/node_modules/tsx/dist/esm/index.mjs?1791199828088:2:4984)
[2026-10-05T11:45:07.816Z] at resolve (file:///home/ubuntu/gestao-suprimentos-logistica/node_modules/.pnpm/tsx@4.20.6/node_modules/tsx/dist/esm/index.mjs?1791199828088:2:5361)
[2026-10-05T11:45:07.816Z] at nextResolve (node:internal/modules/esm/hooks:748:28)
[2026-10-05T11:45:07.816Z] at o (file:///home/ubuntu/gestao-suprimentos-logistica/node_modules/.pnpm/@tailwindcss+node@4.1.14/node_modules/@tailwindcss/node/dist/esm-cache.loader.mjs:1:69)
[2026-10-05T11:45:12.844Z] Error [ERR_MODULE_NOT_FOUND]: Cannot find module '/home/ubuntu/gestao-suprimentos-logistica/node_modules/.pnpm/vite@7.1.9_@types+node@24.7.0_jiti@2.6.1_lightningcss@1.30.1_tsx@4.20.6/node_modules/vite/dist/node/chunks/dep-CCSnTAeo.js' imported from /home/ubuntu/gestao-suprimentos-logistica/node_modules/.pnpm/vite@7.1.9_@types+node@24.7.0_jiti@2.6.1_lightningcss@1.30.1_tsx@4.20.6/node_modules/vite/dist/node/chunks/dep-Chhhsdoe.js
[2026-10-05T11:45:12.845Z] at finalizeResolution (node:internal/modules/esm/resolve:275:11)
[2026-10-05T11:45:12.845Z] at moduleResolve (node:internal/modules/esm/resolve:932:10)
[2026-10-05T11:45:12.845Z] at defaultResolve (node:internal/modules/esm/resolve:1056:11)
[2026-10-05T11:45:12.845Z] at nextResolve (node:internal/modules/esm/hooks:748:28)
[2026-10-05T11:45:12.845Z] at resolveBase (file:///home/ubuntu/gestao-suprimentos-logistica/node_modules/.pnpm/tsx@4.20.6/node_modules/tsx/dist/esm/index.mjs?1791199828088:2:3744)
[2026-10-05T11:45:12.845Z] at resolveDirectory (file:///home/ubuntu/gestao-suprimentos-logistica/node_modules/.pnpm/tsx@4.20.6/node_modules/tsx/dist/esm/index.mjs?1791199828088:2:4243)
[2026-10-05T11:45:12.845Z] at resolveTsPaths (file:///home/ubuntu/gestao-suprimentos-logistica/node_modules/.pnpm/tsx@4.20.6/node_modules/tsx/dist/esm/index.mjs?1791199828088:2:4984)
[2026-10-05T11:45:12.845Z] at resolve (file:///home/ubuntu/gestao-suprimentos-logistica/node_modules/.pnpm/tsx@4.20.6/node_modules/tsx/dist/esm/index.mjs?1791199828088:2:5361)
[2026-10-05T11:45:12.845Z] at nextResolve (node:internal/modules/esm/hooks:748:28)
[2026-10-05T11:45:12.845Z] at o (file:///home/ubuntu/gestao-suprimentos-logistica/node_modules/.pnpm/@tailwindcss+node@4.1.14/node_modules/@tailwindcss/node/dist/esm-cache.loader.mjs:1:69)
[2026-10-05T11:45:21.788Z] Error [ERR_MODULE_NOT_FOUND]: Cannot find module '/home/ubuntu/gestao-suprimentos-logistica/node_modules/.pnpm/vite@7.1.9_@types+node@24.7.0_jiti@2.6.1_lightningcss@1.30.1_tsx@4.20.6/node_modules/vite/dist/node/chunks/dep-CCSnTAeo.js' imported from /home/ubuntu/gestao-suprimentos-logistica/node_modules/.pnpm/vite@7.1.9_@types+node@24.7.0_jiti@2.6.1_lightningcss@1.30.1_tsx@4.20.6/node_modules/vite/dist/node/chunks/dep-Chhhsdoe.js
[2026-10-05T11:45:21.788Z] at finalizeResolution (node:internal/modules/esm/resolve:275:11)
[2026-10-05T11:45:21.788Z] at moduleResolve (node:internal/modules/esm/resolve:932:10)
[2026-10-05T11:45:21.788Z] at defaultResolve (node:internal/modules/esm/resolve:1056:11)
[2026-10-05T11:45:21.789Z] at nextResolve (node:internal/modules/esm/hooks:748:28)
[2026-10-05T11:45:21.789Z] at resolveBase (file:///home/ubuntu/gestao-suprimentos-logistica/node_modules/.pnpm/tsx@4.20.6/node_modules/tsx/dist/esm/index.mjs?1791199828088:2:3744)
[2026-10-05T11:45:21.789Z] at resolveDirectory (file:///home/ubuntu/gestao-suprimentos-logistica/node_modules/.pnpm/tsx@4.20.6/node_modules/tsx/dist/esm/index.mjs?1791199828088:2:4243)
[2026-10-05T11:45:21.789Z] at resolveTsPaths (file:///home/ubuntu/gestao-suprimentos-logistica/node_modules/.pnpm/tsx@4.20.6/node_modules/tsx/dist/esm/index.mjs?1791199828088:2:4984)
[2026-10-05T11:45:21.789Z] at resolve (file:///home/ubuntu/gestao-suprimentos-logistica/node_modules/.pnpm/tsx@4.20.6/node_modules/tsx/dist/esm/index.mjs?1791199828088:2:5361)
[2026-10-05T11:45:21.789Z] at nextResolve (node:internal/modules/esm/hooks:748:28)
[2026-10-05T11:45:21.789Z] at o (file:///home/ubuntu/gestao-suprimentos-logistica/node_modules/.pnpm/@tailwindcss+node@4.1.14/node_modules/@tailwindcss/node/dist/esm-cache.loader.mjs:1:69)
[2026-10-05T11:45:25.826Z] Error [ERR_MODULE_NOT_FOUND]: Cannot find module '/home/ubuntu/gestao-suprimentos-logistica/node_modules/.pnpm/vite@7.1.9_@types+node@24.7.0_jiti@2.6.1_lightningcss@1.30.1_tsx@4.20.6/node_modules/vite/dist/node/chunks/dep-CCSnTAeo.js' imported from /home/ubuntu/gestao-suprimentos-logistica/node_modules/.pnpm/vite@7.1.9_@types+node@24.7.0_jiti@2.6.1_lightningcss@1.30.1_tsx@4.20.6/node_modules/vite/dist/node/chunks/dep-Chhhsdoe.js
[2026-10-05T11:45:25.826Z] at finalizeResolution (node:internal/modules/esm/resolve:275:11)
[2026-10-05T11:45:25.826Z] at moduleResolve (node:internal/modules/esm/resolve:932:10)
[2026-10-05T11:45:25.826Z] at defaultResolve (node:internal/modules/esm/resolve:1056:11)
[2026-10-05T11:45:25.826Z] at nextResolve (node:internal/modules/esm/hooks:748:28)
[2026-10-05T11:45:25.826Z] at resolveBase (file:///home/ubuntu/gestao-suprimentos-logistica/node_modules/.pnpm/tsx@4.20.6/node_modules/tsx/dist/esm/index.mjs?1791199828088:2:3744)
[2026-10-05T11:45:25.826Z] at resolveDirectory (file:///home/ubuntu/gestao-suprimentos-logistica/node_modules/.pnpm/tsx@4.20.6/node_modules/tsx/dist/esm/index.mjs?1791199828088:2:4243)
[2026-10-05T11:45:25.826Z] at resolveTsPaths (file:///home/ubuntu/gestao-suprimentos-logistica/node_modules/.pnpm/tsx@4.20.6/node_modules/tsx/dist/esm/index.mjs?1791199828088:2:4984)
[2026-10-05T11:45:25.826Z] at resolve (file:///home/ubuntu/gestao-suprimentos-logistica/node_modules/.pnpm/tsx@4.20.6/node_modules/tsx/dist/esm/index.mjs?1791199828088:2:5361)
[2026-10-05T11:45:25.826Z] at nextResolve (node:internal/modules/esm/hooks:748:28)
[2026-10-05T11:45:25.826Z] at o (file:///home/ubuntu/gestao-suprimentos-logistica/node_modules/.pnpm/@tailwindcss+node@4.1.14/node_modules/@tailwindcss/node/dist/esm-cache.loader.mjs:1:69)
[2026-10-05T11:45:29.813Z] Error [ERR_MODULE_NOT_FOUND]: Cannot find module '/home/ubuntu/gestao-suprimentos-logistica/node_modules/.pnpm/vite@7.1.9_@types+node@24.7.0_jiti@2.6.1_lightningcss@1.30.1_tsx@4.20.6/node_modules/vite/dist/node/chunks/dep-CCSnTAeo.js' imported from /home/ubuntu/gestao-suprimentos-logistica/node_modules/.pnpm/vite@7.1.9_@types+node@24.7.0_jiti@2.6.1_lightningcss@1.30.1_tsx@4.20.6/node_modules/vite/dist/node/chunks/dep-Chhhsdoe.js
[2026-10-05T11:45:29.813Z] at finalizeResolution (node:internal/modules/esm/resolve:275:11)
[2026-10-05T11:45:29.813Z] at moduleResolve (node:internal/modules/esm/resolve:932:10)
[2026-10-05T11:45:29.813Z] at defaultResolve (node:internal/modules/esm/resolve:1056:11)
[2026-10-05T11:45:29.813Z] at nextResolve (node:internal/modules/esm/hooks:748:28)
[2026-10-05T11:45:29.813Z] at resolveBase (file:///home/ubuntu/gestao-suprimentos-logistica/node_modules/.pnpm/tsx@4.20.6/node_modules/tsx/dist/esm/index.mjs?1791199828088:2:3744)
[2026-10-05T11:45:29.813Z] at resolveDirectory (file:///home/ubuntu/gestao-suprimentos-logistica/node_modules/.pnpm/tsx@4.20.6/node_modules/tsx/dist/esm/index.mjs?1791199828088:2:4243)
[2026-10-05T11:45:29.813Z] at resolveTsPaths (file:///home/ubuntu/gestao-suprimentos-logistica/node_modules/.pnpm/tsx@4.20.6/node_modules/tsx/dist/esm/index.mjs?1791199828088:2:4984)
[2026-10-05T11:45:29.813Z] at resolve (file:///home/ubuntu/gestao-suprimentos-logistica/node_modules/.pnpm/tsx@4.20.6/node_modules/tsx/dist/esm/index.mjs?1791199828088:2:5361)
[2026-10-05T11:45:29.814Z] at nextResolve (node:internal/modules/esm/hooks:748:28)
[2026-10-05T11:45:29.814Z] at o (file:///home/ubuntu/gestao-suprimentos-logistica/node_modules/.pnpm/@tailwindcss+node@4.1.14/node_modules/@tailwindcss/node/dist/esm-cache.loader.mjs:1:69)
[2026-10-05T11:45:33.801Z] Error [ERR_MODULE_NOT_FOUND]: Cannot find module '/home/ubuntu/gestao-suprimentos-logistica/node_modules/.pnpm/vite@7.1.9_@types+node@24.7.0_jiti@2.6.1_lightningcss@1.30.1_tsx@4.20.6/node_modules/vite/dist/node/chunks/dep-CCSnTAeo.js' imported from /home/ubuntu/gestao-suprimentos-logistica/node_modules/.pnpm/vite@7.1.9_@types+node@24.7.0_jiti@2.6.1_lightningcss@1.30.1_tsx@4.20.6/node_modules/vite/dist/node/chunks/dep-Chhhsdoe.js
[2026-10-05T11:45:33.801Z] at finalizeResolution (node:internal/modules/esm/resolve:275:11)
[2026-10-05T11:45:33.801Z] at moduleResolve (node:internal/modules/esm/resolve:932:10)
[2026-10-05T11:45:33.802Z] at defaultResolve (node:internal/modules/esm/resolve:1056:11)
[2026-10-05T11:45:33.802Z] at nextResolve (node:internal/modules/esm/hooks:748:28)
[2026-10-05T11:45:33.802Z] at resolveBase (file:///home/ubuntu/gestao-suprimentos-logistica/node_modules/.pnpm/tsx@4.20.6/node_modules/tsx/dist/esm/index.mjs?1791199828088:2:3744)
[2026-10-05T11:45:33.802Z] at resolveDirectory (file:///home/ubuntu/gestao-suprimentos-logistica/node_modules/.pnpm/tsx@4.20.6/node_modules/tsx/dist/esm/index.mjs?1791199828088:2:4243)
[2026-10-05T11:45:33.802Z] at resolveTsPaths (file:///home/ubuntu/gestao-suprimentos-logistica/node_modules/.pnpm/tsx@4.20.6/node_modules/tsx/dist/esm/index.mjs?1791199828088:2:4984)
[2026-10-05T11:45:33.802Z] at resolve (file:///home/ubuntu/gestao-suprimentos-logistica/node_modules/.pnpm/tsx@4.20.6/node_modules/tsx/dist/esm/index.mjs?1791199828088:2:5361)
[2026-10-05T11:45:33.802Z] at nextResolve (node:internal/modules/esm/hooks:748:28)
[2026-10-05T11:45:33.802Z] at o (file:///home/ubuntu/gestao-suprimentos-logistica/node_modules/.pnpm/@tailwindcss+node@4.1.14/node_modules/@tailwindcss/node/dist/esm-cache.loader.mjs:1:69)
[2026-10-05T17:27:04.222Z] 5:27:04 PM [vite] (client) hmr update /src/pages/CostEvolution.tsx, /src/index.css
[2026-10-05T17:27:07.895Z] 5:27:07 PM [vite] (client) hmr update /src/index.css
[2026-10-05T17:27:10.800Z] 5:27:10 PM [vite] (client) hmr update /src/pages/Dashboard.tsx, /src/index.css
[2026-10-05T17:27:34.730Z] 5:27:34 PM [vite] (client) hmr update /src/pages/Dashboard.tsx, /src/index.css
[2026-10-05T17:27:47.622Z] 5:27:47 PM [vite] (client) hmr update /src/pages/Dashboard.tsx, /src/index.css
[2026-10-05T17:28:16.147Z] 5:28:16 PM [vite] (client) hmr update /src/pages/Dashboard.tsx, /src/index.css
[2026-10-05T17:28:23.964Z] 5:28:23 PM [vite] (client) hmr update /src/pages/Dashboard.tsx, /src/index.css
[2026-10-05T17:28:45.885Z] 5:28:45 PM [vite] (client) hmr update /src/pages/Dashboard.tsx, /src/index.css
[2026-10-08T17:08:09.847Z] Starting dev server with command: pnpm run dev
[2026-10-08T17:08:10.582Z] $ cross-env NODE_ENV=development tsx watch server/_core/standalone.ts
[2026-10-08T17:08:13.572Z] [OAuth] Initialized with baseURL: https://api.manus.im
[2026-10-08T17:08:13.946Z] Server running on http://localhost:3000/
